Vote_Data_Donald_Trump_Percent_of_Votes,Vote_Data_Ted_Cruz_Percent_of_Votes,Vote_Data_John_Kasich_Percent_of_Votes,Vote_Data_Marco_Rubio_Percent_of_Votes,Vote_Data_Ben_Carson_Percent_of_Votes
36.9,23.9,4.3,20.2,8.3
57.9,9.9,14.2,12.7,2.5
44.5,38.2,3.4,10.6,0
47.9,15.9,4.9,20.9,9.5
28.2,8.7,32.5,24.9,2.3
63.1,9.6,8.8,13,4.2
30.4,40.3,10.6,16.1,0
25.6,25.6,0.5,19.7,15
57.8,24.1,7.3,9.4,0
40.4,33.5,14.8,8.6,0
31.6,33.2,1.4,24.7,7.2
0,0,0,0,0
24.9,29.7,3.7,17.2,11
43.1,35.5,7.8,11.8,0
40.7,38,11.1,7.4,0
35.8,56.1,5.3,0,0
55,9.5,14.1,17.7,2.4
47.6,33.8,10,6.3,0
62.2,16.1,10.8,0,0
48.2,15.7,32.1,1.4,0
57.3,23.9,15.8,0,0
79,10.8,5.7,0,0
55.4,33.1,9.1,0,0
28.8,14.4,22.3,24.5,7.4
53.2,11.8,14.6,15.3,3.2
31.6,24.6,6.7,23.8,9.1
38.2,21.5,7.9,28.8,0
38.3,40.9,10.5,7.6,0
66.9,10.8,17.1,0,0
0,0,0,0,0
48.1,16.6,35.3,0,0
40.2,11.5,26.4,16.1,4.6
24.6,17.1,15.5,37.1,4.5
47.4,9.3,19.5,14.4,2.3
51.8,21.5,15.9,6.4,0
50.4,34.8,7.2,5.6,0
52.4,39.2,3.2,2.8,0
41.9,45.5,6,3.9,0
18.8,7.7,23.3,46.8,2
29.4,36.8,1.6,23.9,5.9
40.7,25,22.1,7.8,0
28.1,26.6,0.3,19.1,11.2
26.1,36.9,22.7,9.7,0
64.9,17.8,12.7,0,0
54.9,22.4,22.7,0,0
49.7,31.5,10,6.2,0
46.9,15.4,4.3,24,8.3
51,20,27.6,0,0
44.7,45.5,7.4,0,0
42.4,34.7,9.2,10.7,0
37.2,50.1,3.2,6.7,0
35.2,18.1,42.6,2.1,0
44.3,12.2,3.3,25.5,8.9
44.1,26.3,18.4,7.4,0
80.3,4.6,11.8,0,0
81.7,6.5,8.3,0,0
48.1,21.4,2.6,20.8,6.5
48.8,9.9,18.5,16.1,3.1
24.9,8.4,31.3,29.3,3.4
39.7,26.9,3.4,19.6,9.5
52,37.4,5.7,3.1,0
33.3,35.2,12.1,15.3,0
31.9,25.5,5.9,20.9,8.6
40,22.8,5.2,21.8,8
28.6,53.4,1.7,9.5,4.4
54.9,14.1,27.3,0,0
41.9,9.3,23.9,21.1,1.9
41.7,36.9,11.6,6.3,0
24.7,46.5,1.3,13.9,6.9
26.9,50.7,2.6,11.9,4.4
53.9,16.3,26.5,0,0
50,36.2,5.9,5.2,0
68.4,16,13.2,0,0
64.8,18.2,7.2,0,0
40.4,24.6,21,8.7,0
43.6,37.6,5.3,0,0
34.8,32,0.5,10.7,11
41.5,29.4,2.7,14.8,9.8
42.8,25.9,3.4,18.1,8.6
39.3,31.1,5.1,14.8,3.1
0,0,0,0,0
28.6,49.2,1.8,10.8,6.1
0,0,0,0,0
51.3,21.2,14.7,8,0
38.5,21.3,3,28.3,5.2
41.5,8.7,25.3,19.6,1.9
16.8,7.9,22.6,49.7,1.7
34.9,16.5,20.5,20.5,4.4
67.2,19.1,11.6,0,0
25.4,49,1.9,7.5,7.7
40.1,42.3,5,10.4,0
48,11.3,14.9,16.6,5.7
59.1,8.5,11.3,13.3,3.5
44.7,35.6,9.9,6.4,0
34.4,7.8,32,18,4.7
53.6,16.9,23.7,0,0
44.8,7.8,22.2,20.3,2.5
32.9,17.5,44.6,2.4,0
53.8,31.3,12.1,0,0
40.4,27.8,3.1,19.4,7.2
44.2,13.2,37.9,2.2,0
80.1,8.5,6.6,0,0
49.3,33.2,4.7,10.6,0
29.7,52,1.6,11.8,3.2
43.7,29.1,11,12.1,0
42.4,11.9,40.4,3.1,0
47.7,11.5,14.2,16.7,4.9
65.9,19.5,1.5,7.8,4.8
80.2,7,12.7,0,0
37.4,36.2,2.4,14,8.2
50.9,35.1,6.6,4.7,0
49.9,11.6,13.1,19,3.6
50.1,11.4,16.4,16.3,3.1
40,40.8,10.5,5.7,0
26.5,36.1,1.3,15,8.8
37.5,15.5,43.8,1.8,0
37.3,23,5.9,24.8,7.9
63.8,23.5,12.7,0,0
28.7,52.5,2.6,10.6,3.2
44.5,20.5,3.5,14.8,14.6
42.6,34.9,10,7.1,0
48.6,11.5,38.4,0,0
67.4,6.2,10.2,12.6,2
56.7,29.2,4,7.6,0
47.9,10.8,15.8,19,3.6
53.8,20.3,3.4,14.6,6.5
24.5,51.9,2,12.9,6.6
53.1,23.8,1.7,18.9,0
60.2,20,1.8,9.7,5.7
66.9,19.5,13.5,0,0
36.6,20.4,26.9,7.5,4.3
46.9,17,5.9,19.3,8.4
45.8,19.5,4.1,21.3,7.7
29.5,51.4,7.8,9.1,0
43.9,20.1,29.2,0,0
58.2,15.8,22.7,0,0
40.1,16.1,4.8,27.8,6.5
34.7,43.2,2.9,11.8,4.1
48.9,28.4,2.3,12,6.8
19.2,49.5,5.6,22.7,0
44.4,22.7,18.7,9.1,0
50.1,17.9,3.6,14.6,12.2
81.2,7.2,4.4,0,0
53.9,15.1,28.3,0,0
32.8,4.3,35.3,15.5,6.9
32.2,11.6,27.6,17.6,6
54.2,8.5,17.1,14.5,2.9
42.7,19.9,3.5,22.2,6.6
33,7.4,31.9,22,2.9
54.3,15.5,10.1,14.5,3.5
31.8,12.3,29.1,19.3,3.4
36.7,34.6,12.5,14.1,0
44.2,9.3,45,0,0
46.9,39.6,10.2,0,0
40.8,30.4,3,18,6.5
32.9,32.6,20.7,8.3,0
43.1,45.4,5.7,3.6,0
48.9,38.8,8.9,0,0
34.1,53.9,5.9,3.6,0
34.5,8,27.9,21.2,4.4
46.2,25.1,3.1,18.2,6.3
33.4,39.1,3.9,14.4,5.3
46,38.1,7,5,0
39.8,36.5,13.7,7.7,0
49.5,10,5.9,24.6,8.5
43.8,28.6,4.3,15.9,5.2
48.7,24.2,4.8,19.7,0
41.7,26.4,16.7,9.1,0
52,30.1,14.6,0,0
30.7,42.9,2.2,11.6,7.2
69.2,12.1,17.3,0,0
64.7,19.9,15.4,0,0
24.1,42.7,6.1,21.9,0
44.3,37.7,9.9,5.2,0
30.1,13.4,18.9,27.7,3.3
37.8,46.3,3.6,9.7,0
24.6,48,2,13.2,9.4
57.5,22.3,18.4,0,0
24,63.1,12.9,0,0
67.6,8.3,8.8,0,0
52.6,21.8,9,14.1,1.9
30.5,41.2,2.6,18.8,5.8
36.9,10.1,28.2,19.8,2.5
63.1,24.6,9.2,0,0
48.8,26.2,3.2,13,7.5
35,29.6,5.2,21.2,8.4
25.9,50,2.1,14.1,3.3
47,12.3,18.2,17.7,3.5
36.01098973,13.19421731,16.0921044,9.838424805,2.551187283
54.2,22.5,9.8,11.8,0
25.8,44.5,3.9,15.4,5.3
55.5,11,11.7,17.3,2.1
39.5,7.7,25.2,23.9,1.6
49.3,18.2,27.8,3.2,0
55.9,17.3,3.3,10.7,11.4
32.8,51.4,6.1,6.7,0
75.2,12.6,12.2,0,0
43.9,11.6,16.6,19.8,4.7
45.3,13.7,19.7,14.5,2.6
27.9,28.1,5.4,30.3,6
25.1,36.5,1.7,15,10.5
54.7,33.5,8,0,0
55.4,32,7,3.4,0
53.7,37.6,3,3.3,0
56.7,19.4,23.9,0,0
51.9,25.6,3.3,12.5,5.5
75.6,12.3,7.7,0,0
40.6,24.8,21.4,8.4,0
82,5.7,12.3,0,0
34,22.6,5.6,22.3,5.9
76.1,10.6,5.5,0,0
60.2,11,10.4,13.3,3.9
59.8,21.5,16.5,0,0
33.1,16.9,20,17.7,3.8
65.8,9.4,22.9,0,0
45.3,13.2,18,19,2.5
35,12.4,29.3,16.3,4.6
67.8,12.7,10.3,0,0
36.5,5.3,28.5,20.9,4.9
55.2,25.4,2.3,8.5,6.3
35.6,30,19.2,10.7,0
38.2,52,4.8,3.3,0
63.5,11.7,23.1,0,0
63.6,10.6,23.1,0,0
38.3,12.8,29.5,11.4,5.4
70.6,9.9,17,0,0
44.8,10.1,20,20.5,1.9
24.7,40.8,4.7,23.2,3.6
49.4,25.5,2.1,11.2,9.9
38.8,22.2,7.2,22.9,7.6
37.7,47.4,3.3,7.8,0
80.6,9.1,2.6,0,0
60.6,9.2,11.6,13.9,1.9
17.1,49.7,4.4,25.2,0
23,26.8,0.9,26.2,8.4
51.8,40.7,5.1,0,0
62.2,9.8,8.3,15.1,2.6
56.9,32.6,3.8,3.9,0
34.7,23.7,22.9,15.2,0
77.4,8.7,4.2,0,0
31.2,36.8,2,20.9,6.8
61.2,24.2,12,0,0
29.5,45.8,3.3,13.7,3.7
55,16,4.2,17.2,6.9
57.8,10.1,15.1,10.6,5
43.6,24.8,4.1,19.2,6.8
49.2,23.8,2.7,13.9,8.1
42.7,13.3,40.9,0,0
48.7,24.4,2.2,12.2,10
37.7,22.3,5.5,23.9,8.1
42.9,33.6,8.8,10.6,0
53.4,23.1,14.5,6.1,0
47.6,41.6,5.3,3.7,0
57.3,13.2,26.9,0,0
34.2,13.2,24.1,22.2,4.8
42.1,15,23.4,14,2.8
67.5,18.5,14,0,0
41.2,38.6,10.1,7.4,0
35.2,45.7,8.6,7.4,0
16,46.1,6.3,29,0
40.7,25.1,4.2,19.2,7.5
23.4,32.2,1.3,18.2,10.1
39.4,33.5,16.5,7.4,0
45.7,40.5,11.3,0,0
29.6,34.4,20.9,13.4,0
30.9,43.9,14.6,8.2,0
63,15.9,13.1,0,0
86,6,2,0,0
29.4,52.9,1,9.7,4.5
30.2,50.7,2.5,9.2,4.2
37.8,45.4,4.9,9.2,0
40.8,7.9,22.8,24.1,1.9
35.6,26.4,5.2,24.7,7.2
0,0,0,0,0
39.6,45.3,5.4,6.6,0
31.5,32,18.3,16.1,0
57.4,8.6,14.8,13.9,2.8
30.7,43,2.9,12.7,5.7
68,14.8,9.9,0,0
11.6,74.1,14.3,0,0
30.1,8.1,29,27.2,2.1
43.2,8.9,24.7,18.7,2.2
35,33.8,19.8,11,0
68.7,14.3,9,0,0
31.9,27.3,18.8,19.6,0
44.8,12.8,21.2,14.9,3.7
59.9,15.4,23.1,0,0
27.2,43.7,17.5,9.3,0
49.5,26.5,2.6,19.2,0
61,22.1,14.1,0,0
36,11.1,25.9,16.4,7.4
44.3,22.6,2.6,20.8,5.4
36.6,21.7,4.7,24.4,10.3
56.4,8.4,14.4,15.4,2
24.2,14.7,31.6,20,7.4
40.5,25.3,20.5,7.9,0
28.5,10,32.1,21.2,3.8
59.6,13.6,24.7,0,0
48.8,25.4,2,13.4,8
35.2,9.4,28.8,16.2,4.4
82.4,7.3,5.1,0,0
25.5,51,2.9,14.2,3.4
18.1,47.2,6.7,18.7,5.7
31.7,49.4,3.7,9.8,0
38.4,32.3,11.2,15.1,0
23.3,27.4,3.4,26.1,9
46.3,19.7,6.4,24.8,0
48.2,7.8,20.1,16.5,3.8
30.1,38.6,2.7,17,5.2
56.8,17.6,20.6,0,0
57.4,12.1,27.3,0,0
57.2,9.1,13.8,15.9,2.2
36.5,7.7,28.8,14.4,7.7
33.8,11.6,25.8,18.2,6.6
46.9,9.1,21,17.5,2.8
50.9,14.3,14.8,12.7,5
24.2,53.7,4.4,7.7,4
63.8,14.2,20.1,0,0
57.7,10.2,30.6,0,0
44.2,24.2,3.8,20.5,6.8
33.1,11.7,26.1,18.9,4.3
74.3,10.6,4,0,0
62.7,8.7,10,12.1,3.2
67.5,16.2,16.4,0,0
81.6,7.3,6.2,0,0
59.7,11.2,27.2,0,0
56.2,14.2,8.7,13.3,5
31.6,9.6,29.4,20.6,4.4
56.9,19.8,23.3,0,0
26.5,7.2,32.8,30.6,1.4
62.6,11.4,24,0,0
64.2,19.7,16,0,0
52,24.4,2.7,13.7,6
31,53.4,3.4,5.2,6.9
49.7,21.8,28.5,0,0
0,0,0,0,0
49.3,12.9,7.2,28.4,0
50.8,30.6,10.8,4.8,0
56.7,35.7,4.9,0,0
77,11,4.6,0,0
49.5,15.5,31,1.9,0
64.7,18.3,17.1,0,0
28.1,48,2.4,10.6,5.6
37.1,50.8,10,0,0
67.3,16.8,15.9,0,0
52.5,20.8,16.4,7.9,0
49.4,11.7,4.8,24.9,8.1
39.1,26.1,4.8,22.9,5.9
31.1,44,2.4,11.7,9.1
25.9,36.8,0.7,13.1,9.8
41.6,34.4,13.1,7.5,0
69.7,11.7,2.1,13.8,2.4
50,17.6,2.8,20.4,7.5
36.3,6.2,30.8,13.7,7.5
56.6,18.8,22.2,0,0
24.9,30.6,1.5,21.9,9.6
32.3,18,6.4,29.7,11.6
63.3,16.7,9.9,0,0
77.1,12.5,10.4,0,0
51.3,34.5,11.5,0,0
40.3,37.1,8.1,13.5,0
37.7,26,5.4,21.4,7.9
56.5,17,4.2,11.6,8.5
30.9,41.9,15.5,9.1,0
39.5,30.7,17.4,8.3,0
45.1,30.7,2.1,14.3,6.2
44.1,37.8,8.7,6.2,0
40,6.5,31.4,16.2,4.3
29.8,51.7,2.2,7.8,4
58.7,12.7,26.4,0,0
52.1,10.2,14.5,18.8,2.2
76.3,7.2,16.4,0,0
28.9,8.5,35.3,21.5,2.5
31,39.7,4.1,15.5,5.1
49.9,35.8,10.5,0,0
73.3,9.5,15.6,0,0
66,11.4,10.5,0,0
53.8,16.7,2.7,13.3,11.8
24.2,36.5,0.3,15.9,11.9
43.1,25.9,11.6,15.9,0
50.5,37,5.9,4.5,0
61.6,20.2,8.5,0,0
39.6,14.5,41.6,2.4,0
56.8,21.9,19.4,0,0
80.4,7.5,7.4,0,0
24,47.9,5.2,20.4,0
71.1,16.3,12.6,0,0
48.8,25.9,2.5,15.5,6.3
42.6,38.1,10.5,6.5,0
69.3,11.1,10.7,0,0
24.4,15.6,27.8,21.7,7.2
10.4,70.9,18.7,0,0
34.6,43.9,7,10.7,0
29.1,42.2,2,17.9,7.2
27.1,5.3,45.9,16.5,2.3
83,6.6,7.1,0,0
35.3,45.2,5.3,11.3,0
38,35.1,11.3,12.5,0
43.8,40.7,3.4,6.9,0
43.7,39.2,8.3,5.4,0
45.4,37.1,8.3,5.7,0
29.1,43.1,2.7,15.8,4.7
45.1,19.4,4.8,16.3,11.8
41.6,34.4,1,18.4,2.7
45.3,30.8,2.3,17.8,0
50.8,23.3,3.4,15.4,6.5
24.4,28.5,1.3,21.7,6.6
48.5,36.4,7.4,5.9,0
36.4,27.9,20.9,9,0
55,33.8,4.8,3.5,0
35.2,24.6,4.8,18.4,6.1
33,44.5,2.2,12.6,3.5
83.5,5.6,4.2,0,0
30.4,49.7,2.3,8.5,4.2
41.6,43.2,7.7,4.9,0
26.9,37.3,16.2,17.4,0
34.8,52.7,10.3,0,0
58.2,20.5,17.4,0,0
41.8,24.1,12.2,15.1,0
65.2,20.7,12,0,0
25.2,6.8,34,29.3,1.8
27.1,9.5,33,21.7,4.8
48.5,18.7,4.7,19.4,7.2
54.9,30,8.5,4.7,0
51.7,29.5,6.5,9.7,0
75.2,9.8,15,0,0
46.4,37.1,3.9,9.4,0
58.8,21.9,15.4,0,0
33.9,35.2,2.8,20.8,3.8
32.4,43.6,2.3,13.3,5.4
27.6,30.8,25.5,14.7,0
78.9,11.6,9.6,0,0
51.9,19.6,3.4,16.7,6.8
38,27.6,3.7,20.1,9.9
53.6,13.4,30.9,0,0
25.3,12.1,32.3,22.2,5.1
27.7,36.2,2.7,26,6.1
49,17.5,4.1,17.6,8.1
53,28,2.1,8.3,6.8
66,16,15.8,0,0
52.7,12.6,32,0,0
48.7,8.3,19.4,19.6,2.1
31.2,47.4,5.8,12.7,0
39,46.6,7.9,4.4,0
79.3,6.9,13.8,0,0
77.9,8.9,5.1,0,0
72.7,17.1,8.4,0,0
30,60.8,9.2,0,0
22.5,44.5,6.4,22.1,0
21.9,61.7,3,13.4,0
32,7.4,33.9,21.4,0.4
67,16.9,13.3,0,0
44.7,17.9,4.6,23,8.5
41.7,27.8,3.6,18.8,7
29,25,1.4,22.4,6.7
36.4,29.3,20.2,8.5,0
52.6,37.8,6.6,0,0
36.1,41.8,11.5,7.8,0
55.5,19.7,21.2,0,0
51.3,33.5,7.7,4.6,0
54.8,31.4,7.2,4.2,0
34.53914767,11.27353816,18.83878427,11.83515031,2.312520648
47.5,14.7,34.7,1.5,0
43.2,26.5,4,15.7,8.6
53.5,18.1,3.8,16.2,7.5
43.4,18.8,4.2,24.4,8.5
24,55.4,1.6,8.2,8
39.9,30.3,17,10.8,0
53.5,34.7,5.1,4.3,0
69.5,13.5,4.6,0,0
32.1,35.6,3.5,17.3,9.5
44.4,24.5,3.3,18.3,7.3
51.5,28.6,10.9,6.1,0
60.9,9.6,11,12.7,3.5
74.7,7.6,7.2,0,0
53.3,26.3,9.8,9.1,0
28.4,24.4,2.3,19,15.4
42.7,35.1,11.5,7,0
56.9,34.1,5.9,0,0
39.2,33.9,14.4,7.8,0
39,43.4,9.3,6,0
60.6,22.5,9.5,0,0
29.6,50.8,2.5,9.3,4.9
23,47,5.5,18.4,0
38.8,6.6,31.7,16.7,2.9
26.2,48.1,2.2,10.9,8
49.7,39.2,4.3,4.1,0
45.7,40.5,2.2,7.8,0
44,38.8,9.4,5.5,0
40.2,22.8,4.2,21.9,9.9
80.2,10.7,2.2,0,0
57.7,20,22.3,0,0
39.3,11.7,24.8,14.5,4.1
49.6,18.6,31.8,0,0
61.4,19.7,15.3,0,0
26.3,29,2.4,22.4,9.3
42.9,44.5,5.8,3.2,0
53.9,23.5,12.5,0,0
73.8,11.1,13.5,0,0
49.3,25.5,22.4,0,0
25.7,28.2,1.2,19.2,7.9
0,0,0,0,0
47.6,20,3.7,13.1,13.1
28.8,53.4,2.6,8.7,3.2
29.3,36.9,19.6,11,0
39.6,14.5,42.2,1.7,0
63.2,14.7,18.6,0,0
42.3,40.4,9.4,5.2,0
46.2,8.5,15.4,19.2,5.4
37.8,28,4.2,21.7,7.3
70.3,19.7,10.1,0,0
60.1,21.4,14.8,0,0
26.4,16.6,13.4,27.9,4.5
45.5,11.4,18.2,19.3,3.4
63.3,8.8,26.8,0,0
37.9,23.8,24.3,9.2,0
54.8,14,7.7,20.3,0
53.4,14.5,3.3,20.1,7.2
25,7.4,45.1,17.6,1.4
17.3,11.4,18.6,47.5,3.7
47.3,25.1,1.6,16.4,6.8
54.5,12.5,13.5,14.6,2.4
71.7,15.1,5.4,0,0
35,23,9.7,25.6,5
44.3,6.5,23.6,20,2.7
34.8,38,16.9,8,0
54.5,27.7,2.5,9.3,4.4
51.7,19.6,2.3,16.1,9
54.1,21.4,24.4,0,0
76.9,11.8,4.3,0,0
44.3,28.4,3.7,14.8,7.3
46.1,23.9,18,7.8,0
78.2,8.7,8.9,0,0
47.8,9.5,19.7,18.3,1.9
60.4,8.2,11,15,2.1
30.1,9.1,29.4,19.6,4.2
50.2,21.5,28.3,0,0
51.4,21.5,27.1,0,0
52.1,17.3,2.8,15.2,10
36.7,25.6,4.9,26.8,5
29.6,18.7,0.6,29,14.2
50.4,32.5,8,6.2,0
27.6,32,2.8,26.4,9.3
42,23,3.6,16.8,10.2
27.5,53.4,2.4,9,4.8
67.4,18.7,7.5,0,0
39.8,14.8,6,30.8,7.6
56.6,12.9,28.8,0,0
57.6,11.7,9.9,10.6,6
34.49506454,14.16097191,16.53758542,9.392558846,3.933181473
49.6,10.1,38.4,0,0
54.3,10.7,14.7,15.2,2.5
46.8,19.7,31.4,0,0
42.1,25.4,3.6,16.6,8.5
41.2,26.2,2.5,15.2,12.8
32.1,12.2,25.1,22,4
51.1,12,20.3,9.8,3.8
40.1,31.9,3.1,15.4,5.5
33.6,18.5,7,34.9,5.2
68.8,14.5,8.3,0,0
38.7,20.9,25.5,12.3,0
27.6,26.8,0.5,23.8,9.5
51.6,35.2,4.6,4.7,0
57.4,11.3,13.5,12.6,2.9
51.1,18.7,2.5,19.9,4.3
29,45.1,1.7,12.4,6
40,8.6,35.7,12.9,1.4
49.3,21.8,2,13.4,10.8
40.2,27.1,18.5,8.8,0
45.7,43.4,8.6,0,0
28.6,8.8,43.2,15.9,2.6
49.9,21,3.2,14.7,7.9
47.7,38.7,6.4,4.3,0
43.2,32.9,3.4,11,8.2
70.8,7.6,7.8,0,0
43.5,36.1,11.2,6.8,0
44.2,36.3,11.2,5.4,0
33.5,38.2,9.8,17,0
34.8,53.3,5.9,4.2,0
39.9,23.1,3.2,25.4,8
71.9,16,4.3,0,0
25.7,42.2,2.5,13.9,13.5
55,17.6,6.2,18,0
63.5,17.6,18.9,0,0
41.8,37,4.3,12.4,0
59.6,28,7.1,3.1,0
53.8,21.3,3.1,14.4,5.3
78.1,9.3,8.2,0,0
47.1,25,15,7.9,0
37.3,24.1,5.7,18.5,6.2
38.4,7.4,25.2,19.9,4.2
61.4,21.1,14.9,0,0
26.4,34.5,3.9,28.5,5.5
41.4,33.8,12.2,7.4,0
59.5,32.7,5,0,0
36.5,33.2,12.5,15.7,0
46.1,38.6,6.5,4.3,0
48.9,19.1,3.4,24.6,3.6
40.8,11.5,43.7,2.1,0
63.5,17.7,18.8,0,0
76.3,10.5,9.6,0,0
46.2,43.6,6.1,0,0
50.2,19.3,2.7,17.5,8.9
26.7,20.6,9.9,35.2,5.6
36.3,27.8,0.5,15.8,10.1
49.4,37.8,5.8,4.1,0
33.1,21.4,7.8,29.5,7
46.1,8.6,14.8,22.7,3.9
69.9,12.7,17.4,0,0
47.6,20.7,3.1,12.5,12.2
40.7,33.1,1.8,16.3,5.8
50.6,20.5,4.3,22.1,0
51.7,18.5,4.3,16.5,6.6
28.5,28.4,3,14.5,15.1
48.1,36.6,7.3,4.7,0
62.8,31.1,3.7,0,0
57.9,23.2,6.9,9.5,0
37.5,41.4,11.8,7.2,0
46.4,38.3,7.6,4.7,0
48.1,34.7,8,6.5,0
67.6,17.1,7,0,0
56.6,18.1,25.3,0,0
57.1,17.1,3.5,13.9,6.3
28.9,48.8,2.5,10.3,6
80.8,9.7,4.8,0,0
42,23.9,4.3,21.1,6.8
29.4,35.2,1.3,12.9,7.9
0,0,0,0,0
67.1,19.1,11.7,0,0
44.9,34.1,6.4,10.6,0
48.3,21.1,2.4,13.6,10
36.8,32.4,3.1,20.3,4.9
40.4,15.7,40.3,2.3,0
33.6,36.8,2.1,20.9,4.1
44.7,40.8,7.2,5.1,0
26.2,34.4,4.1,28.2,5.7
50.9,20.2,1.5,13.7,10.5
60.9,11.2,25.5,0,0
30.7,26.9,1.8,19.9,6.9
43.6,37.1,10.3,6.5,0
49.2,39.9,7.2,0,0
53.4,25.3,7.3,12.2,0
52,10.6,11.7,17.9,4.5
29.6,28.3,26.3,10.1,0
45,38.4,7.6,5.8,0
54.5,15.5,30,0,0
43.3,13.5,38,2.8,0
65.8,21.1,11,0,0
54.1,25.4,13.1,5.4,0
39.7,33.5,1.6,14,7
31,21.2,7.6,34.6,4.6
49.8,29.3,6.9,0,0
20.4,47.1,2,16.3,5.2
53.1,21.5,3.4,12.7,5.9
39.2,33.5,8.7,0,0
67.3,15.3,17.4,0,0
41.4,23.3,3.6,15.5,13.2
54.7,19.4,2.7,12.8,9.1
42.5,26.5,4.7,15.8,8.5
35.1,6.7,29.2,24.9,1.7
29.4,47.4,2.7,10,5.9
47.4,19.7,3.1,17.7,10.9
57.3,14.3,26.4,0,0
29.9,10.1,34.7,19.3,3
37.7,41.8,10.8,7.2,0
67.4,15.3,16,0,0
29.6,50.5,1.5,9.1,5.5
37.2,35.7,14.5,8.6,0
66.6,16,9,0,0
69.6,13.5,7.5,0,0
43.3,20.5,4.2,17.4,5.2
46.1,16.2,10.8,23.9,0
25.6,39.6,5.9,23.3,3.5
26.9,46.7,1.6,11.6,10.7
48.7,14.8,3.3,26,5.6
28.7,52,2.6,12.5,2.7
49.6,23.4,3.3,12.9,8.5
55.9,0.8,26.8,12.6,0.8
36.5,30,3.3,20.1,6.6
61.3,11.5,26.2,0,0
48,29.1,3.2,17.1,0
34.6,30.4,4.3,21.7,8
57.3,15.5,27.1,0,0
67.7,19.5,12.8,0,0
67.2,18.9,11.7,0,0
81.4,7.3,7.3,0,0
39.5,40.4,17.2,0,0
46.7,12,37.5,2,0
60.7,27.9,5.1,4.2,0
83.4,6.8,6.7,0,0
26.2,45.2,3.6,17.7,4.1
29,41.7,3.9,17.3,6.3
31.2,47.7,1.4,11,4.8
32.2,40.8,3.1,10.9,7
26.2,6.7,34.9,27,2.4
47.9,8.6,16,20.9,3.1
48.7,30.3,2.9,10,0
59,16,1.3,10.8,10.5
25.2,48.8,9.7,14.7,0
24.7,45.9,10.7,17.3,0
20.4,41.7,15.4,21.9,0
22,58.3,6.2,12.7,0
70.4,8.6,17.1,0,0
36.2,33.3,1.4,22.4,4.5
42.5,6.3,24.7,19.5,4.6
41.5,23,24.2,9.5,0
54.7,23.1,2,10.7,7.9
30.8,47.4,2.9,11.3,4.5
40.5,44.5,8.3,4.4,0
38.2915278,10.52446939,16.52341694,10.78758113,2.981932994
78.7,11.5,9.8,0,0
55.3,19.5,3,10.8,9
54.9,31.1,7.1,4.4,0
48.5,9.6,25,9.6,5.1
50,6.5,39.8,0,0
22.3,8.6,38.8,24.5,2.2
70.8,20.8,8.4,0,0
44.4,22.9,32.8,0,0
31.1,43,2.9,11.4,5.3
42.1,13.4,40.2,2.3,0
27,56,1.3,4.7,5.3
23.8,52.4,2,12.6,7.4
59.1,14.1,25.5,0,0
71.7,9.4,17.9,0,0
42,8.4,22.7,21,5
48.1,18.5,3.4,13.3,13.3
56,35.4,4.2,2.5,0
46.6,15.8,6.2,23.2,7.3
37.9,25.5,5.2,23,7.1
80,9.1,7.1,0,0
25,6.3,43.8,15.6,7.8
34.7,34.4,3,19.1,8.2
47.1,28.4,2.1,16,5.3
27.9,33.4,3.9,25.5,6.9
24.1,45.3,1.1,16.4,4.9
72.2,7.6,19.1,0,0
44.7,34.2,11.4,7,0
32,37.1,2.3,21.2,5.6
51.9,22.1,3.3,13.8,7.8
30.6,32.3,1.1,16.3,9
41.7,34.2,13,7.2,0
60.2,32.8,2.9,0,0
49,20.8,16.4,8.4,0
53,36.8,3.8,3.7,0
36.4,20.4,39.4,2,0
55.3,25.7,16.3,0,0
45.3,38,13.2,0,0
32.3,37,2.4,20.7,6.2
54.5,21.9,2.6,9.1,10.4
50.2,22.2,3.4,16.6,6.2
44.4,25.9,3,17.8,5.4
40,34.6,9,14.3,0
47.5,25.7,2.6,13.1,9
26.9,47.3,0,15.6,8.6
57,11.4,29.7,0,0
72.9,16.3,10.8,0,0
25.9,49.7,3.1,12.1,7.2
40.1,33.4,1.9,16.3,5.7
37.5,45,1.3,11.3,2.5
50.6,20.3,2.7,13.5,11
37.6,23.2,6.3,24.5,7.1
40.3,40.3,8.5,5.9,0
46.2,24.7,8.7,17.4,0
47.4,35.3,7.6,6.6,0
82.8,7.4,9.9,0,0
51.1,26.8,19.6,0,0
59.8,11.5,27.7,0,0
43.2,25.7,5.6,16.5,6.6
46.6,19.5,1.9,23,6.3
64.9,16.5,10.8,0,0
54.3,12.9,11.4,15.7,1.4
54.2,23.2,10.6,9,0
78.1,10.7,3.8,0,0
77.8,13.2,9.1,0,0
41.8,27.7,8.8,16.9,0
78.3,7.2,4.8,0,0
64.3,20.5,6.2,0,0
22.1,42.5,2.2,24.8,7
71.7,15.2,13.1,0,0
32.6,8.7,54.4,3.3,0
41.2,19.9,4.3,23.7,9.8
39.1,49.5,5.6,3.4,0
67.5,16,6.9,0,0
45.3,21.9,3.6,13,12.5
30.4,46.7,1.6,10.6,6.7
59.7,20.7,2.6,8.7,5.3
37.2,33.8,0.2,20.5,5.9
20.7,23.2,2.3,33.9,6.7
45.8,44.3,4.9,3.4,0
24.8,35,7.9,26.4,3.4
36.3,12.5,20.3,23.2,3.9
65.7,12.2,20.4,0,0
43.1,9.7,23.1,15.4,6.2
30.3,38.2,29.1,0,0
76.1,5.4,9.6,0,0
53.3,9.5,17.2,15.2,2.2
44.2,18.3,5.7,22.1,8.3
31.6,10.4,32,19.3,3.3
50.1,21.9,15.6,8.4,0
41.5,7.2,49.8,0,0
42.6,13.9,39.5,1.9,0
37.8,29.2,3.7,15.6,5.9
54.8,9,13.7,16.8,3.4
53.5,25.6,18.3,0,0
45.2,38.6,7.8,5.6,0
31,22,8.8,29.3,6.6
41.1,35.9,13.1,6.7,0
60.7,29.9,6.1,0,0
25.3,36.9,14.3,22.3,0
50.3,32.5,8.3,5.9,0
38.6,31.6,0.2,7,7.2
11.3,68.4,20.3,0,0
68.2,13.8,18.1,0,0
58.4,17.8,9.1,0,0
45.4,25.1,4.6,18.8,5.3
74.6,7,6.8,0,0
66.2,15.4,9.7,0,0
23.9,43.7,2.2,17.6,5.5
72.6,14,13.4,0,0
31.2,49.2,2.2,10.2,3
75.9,10.6,6.5,0,0
47.6,16.4,2.5,21.6,9.8
25.2,15.4,12.6,41.2,4
37.1,30.9,19.3,9.7,0
47.6,42.5,7.1,0,0
44,39.5,7,5.8,0
50.7,24.5,3.6,14.1,7.2
58.2,18.2,4.2,17.1,0
38.6,46.4,3.5,8.1,0
40,46.9,5.7,5.7,0
40.8,38.5,10.4,6.6,0
21.9,51.3,3.9,15.5,5.1
64.5,23.1,10.6,0,0
48.5,22.3,3.6,17.3,6.7
25.6,34.8,0.8,14.7,16.1
56.5,35.3,5.9,0,0
52.8,23,2.9,12.5,6.9
49.9,8.6,19.5,17.6,1.6
56.7,9.5,30.8,0,0
81.5,8,3.4,0,0
36.3,8.4,29.3,18.9,3.4
30.9,16.7,47.1,3,0
78.6,8.9,6,0,0
22.1,35.5,0.2,19.2,10.3
52.8,37,7.5,0,0
59.1,17.2,23.7,0,0
21.6,12,63.9,1.7,0
36.9,29.2,2.8,22.9,6.7
52.2,16.1,28.3,0,0
0,0,0,0,0
39.6,28.4,17.7,8.8,0
35.9,44.1,1.9,10.6,4.7
49.9,9,19.3,15.3,3.4
51.4,36.5,5.1,4.2,0
25.4,41.1,5,21.9,4.2
0,0,0,0,0
75.3,11.6,12.5,0,0
35.1,6.7,26.2,21.1,7.7
30.4,28.3,0.9,20.8,9.8
67.9,14.7,17.4,0,0
53.1,17,1.1,22,3.6
77.6,10.8,7.1,0,0
54.2,22.7,23.1,0,0
30.4,42.6,0.7,14.5,10.4
76.7,13.8,9.5,0,0
28.3,45.7,0.9,9.2,8.4
60.5,14.5,2.2,15.5,6.5
28.5,21.6,2.2,23.8,13.2
39,28,20,8,0
43.8,28.3,3.2,14.8,8.3
53.6,13.8,11.5,15.4,4
36.3,34.1,2.4,16.6,4.2
30,55,3,11,1
52,16.4,3.6,20.5,6.5
63.4,20.1,1.8,11.8,0
56.9,22.8,12.3,0,0
77.6,8.9,6.1,0,0
50.4,18.7,3.1,18,8.4
65.8,13.7,10.9,0,0
32.6,52.2,12.7,0,0
67.4,14,9.3,0,0
30.8,44.5,4.2,9.1,8.9
55.5,19,2.8,14.9,6.5
39.5,42.7,14.7,0,0
71.4,12.3,13.6,0,0
31.5,23.6,6.4,23.8,5.9
36.4,5.2,32.5,19.2,1.7
46.8,21.3,5.9,17.5,6.8
0,0,0,0,0
42.8,25.1,3.7,20.9,6.1
33.9,43,12.1,7.1,0
53,13.7,11.6,14.5,4.7
52.8,36.8,4.2,3,0
62.7,16.1,13,0,0
36.4,25.9,4.3,27.1,6.1
76,14.6,9.4,0,0
63.6,19.9,16.5,0,0
81,8.6,6.8,0,0
54.7,30.8,11.3,0,0
31.4,6.9,35.2,22.4,1.2
36.2,7.9,22,20.3,5.6
64.2,8.3,10.2,13.2,2.2
36.6,24.7,2.2,25.6,8.1
34.5,24.8,28.8,10,0
58.5,30.9,8.1,0,0
27.3,20.7,1.4,26.7,9.7
18.5,76.4,5.1,0,0
55.7,12.6,9.8,16,3.7
30.6,6.9,26.6,19.7,10.4
68.2,19.3,8.1,0,0
55.9,32.6,5.6,3.5,0
41.1,46.3,10.1,0,0
50.2,8.6,17.9,19.3,1.6
48.1,38.8,6.3,4.3,0
58.1,12,27.5,0,0
26.9,37.7,20.8,12.2,0
64.4,13.9,21.7,0,0
47.1,17.9,5.1,26.7,0
37.3,45.2,1.6,9.5,4.8
37.5,9.4,26.1,22.8,1.9
27.5,7.2,29.7,26.1,5.8
47.2,24.9,2.7,16,7.1
0,0,0,0,0
56.1,16.6,3.2,16.5,5.5
33.5,41.3,8.4,13.9,0
61.4,9.4,12.1,11.7,3.1
50.3,14.7,12.5,14.7,4.4
50,30.5,3.9,8.2,0
43.7,40.3,3.7,8.7,0
53.6,12.4,31.6,0,0
52.8,6.7,39.4,0,0
61.2,14.1,22.8,0,0
56.9,15.1,26.5,0,0
58,15.5,23.4,0,0
75.1,8.7,13.7,0,0
46.9,12.4,18.9,17.5,2.8
53.9,10.9,33.1,0,0
29.2,5.5,41.2,18.6,2.9
63.6,12.3,23.1,0,0
63.3,14,19.8,0,0
44.8,22.9,28.6,0,0
47.3,9.2,18.6,16.8,3.9
49.1,10.5,19,15.8,2.7
27.1,57.5,1.3,8.8,3.4
56.9,8,33,0,0
49.6,8.8,17.6,19.5,2.3
34.4,28.8,21.8,10.5,0
37.8,46.9,12.9,0,0
58.3,23.9,1.1,8,6.7
28.1,45.7,1.8,14.4,5.3
78.1,11.3,4.1,0,0
45.2,9.6,26,13.7,2.7
42.2,32.1,13.2,7.6,0
46.8,9.4,20.3,15.1,2.5
45.4,42.3,4,5.5,0
34.1,28.6,3.8,22.5,8.1
53,21,9.1,15,0
76.2,13.4,10.4,0,0
44.8,32.6,9.8,7.1,0
37,39.7,1.6,14.1,3.9
39.3,33.3,3.3,16.1,6.6
36.4,43.4,11.6,5.9,0
38,7,21.1,22.5,5.6
79.5,7.1,9.4,0,0
0,0,0,0,0
25.3,38,3.7,25.7,4.4
0,0,0,0,0
45.9,23.6,4.9,18.4,5.6
67.3,16.2,14.1,0,0
42.6,47.7,7.2,0,0
25.3,43.8,1.6,21.2,7.3
56.1,14.1,27.6,0,0
43.6,38.5,10.3,7.7,0
27.7,39.8,3.1,20.9,6.6
26.9,48.8,2.1,14.8,4.9
47.8,18.2,3.6,13.4,14.8
44.4,31.7,7.4,13.4,0
19.1,11.8,29.4,36.8,2.9
50.2,23.3,2.9,15.6,6.7
22.9,64.6,12.5,0,0
30.3,35.5,1,11.4,12.2
35.2,24.5,24.4,10.6,0
46.9,10.2,4.7,27.2,9.2
63.2,12.8,22.4,0,0
34.1,11.4,26.8,24.4,3.3
28.9,46.8,2.1,13.1,5.2
65.7,13,21.4,0,0
38.4,12.5,43.8,3,0
52.5,24.8,20.2,0,0
44.1,7.1,27.6,11.8,3.9
49.3,17.1,3.4,18,10.2
41.7,22.7,6.2,25.4,0
51.3,9.2,37.5,0,0
43.1,7.1,23.4,19.7,2.6
79.2,5.8,15,0,0
49.9,17.1,32.9,0,0
38.2,12.2,5.4,35,7.8
23.4,12.9,34.2,22.7,4.9
48,24.4,6.1,13.5,0
46.1,20.7,3.3,16.8,11.2
41.5,34.4,3.6,15.9,4.1
47.2,37.8,3.8,8.6,0
38,25.9,3.3,24.4,6.3
69.2,6.8,8.8,11.3,2.1
65.9,10.9,22.3,0,0
38,6.8,25.3,20.5,3.8
25,15.9,17.1,36.9,3.2
25.1,12.9,17.5,40,3.1
32.8,11.7,29.1,19.5,4.6
48.4,8.8,40.7,0,0
31,17,48.8,2.1,0
35.9,24.7,6.4,19.4,5.7
31.1,8.5,38.4,15.2,3.7
61.9,8.7,9.4,14.4,3.5
35.7,4.8,31,20.2,3.6
62.2,10.2,8.1,13.6,3.7
70.9,16.2,12.9,0,0
75.6,8.3,4.8,0,0
15.7,12.2,23.4,45.1,2.4
35.5,45.6,2.9,7.6,3.2
49.9,9.3,19.4,15.6,2.6
53.2,20.3,3.8,15.3,6.2
31.7,48.9,2.2,9.6,4.4
54.8,11.5,31.7,0,0
73.2,18,8.8,0,0
27.2,33.3,3.2,29,5.1
36.1,19.5,9,27.5,6.6
49.9,21,2.5,13.3,9.8
32.7,23.6,7,29.4,6.1
24,34.1,0.6,18,14.4
48.3,36.6,7.2,5.4,0
66.2,25.5,5.9,0,0
25.1,29.1,22,22.3,0
37.4,11.7,47.1,1.8,0
69.7,18.1,10.8,0,0
39.6,34.7,2.9,15.4,5.9
32.7,45.6,2.6,13.3,3.1
83.8,7.4,3.2,0,0
24.2,6.6,49.5,15.4,2.2
48.6,30.8,2.5,11.1,5
73,9.5,7.4,0,0
26.4,13.9,29.5,20.9,4.8
81.6,7.1,5.2,0,0
62.9,16.2,11.2,0,0
24.6,53.8,2.1,10.7,5.8
53.5,10.4,11,16.7,5
57.6,14.2,6.1,20,0
76.9,7.8,7.1,0,0
42.3,31.4,13.4,10.4,0
30.6,10.2,29.6,16.3,7.1
33.1,28.7,4.5,18.5,7
53.6,35.1,8.6,0,0
53.6,20.2,6,13.1,3.6
42.2,20.3,5.9,22.3,8.1
26.3,40.1,1.2,13.8,10.9
55.7,33.6,7.8,0,0
47.9,25.3,11.2,12.4,0
17.6,52.7,2.5,14.1,7.2
42,25.6,4,19.8,7.6
35.2,21.5,7.6,28.4,6.4
35.5,58.1,0,0,3.2
32.9,54.8,9.8,0,0
36.7,37.8,13.2,8.3,0
63.7,19.2,14.7,0,0
56.2,32.6,8,0,0
43.4,37.3,11.8,5.1,0
37.2,23.6,5.4,28.5,4.2
33.9,38.4,17.3,8.3,0
24.7,45.8,4.8,19.5,3
68.9,9.7,20.3,0,0
61.5,29.2,5.2,0,0
48.7,10,15.4,20.8,2.7
44.3,9,21.7,19.4,2.4
37.9,13.4,6.6,34.1,6.1
51.5,21.3,2.6,13.4,9.3
36.9,32.9,2.9,18.1,5.5
51.4,17.3,31.2,0,0
51.6,20.2,6,20.4,0
46,25.2,3.4,17,7
25.3,35.8,0.6,16.7,9.9
17.4,50.1,5.4,21.5,0
53.3,32.9,6.6,5.2,0
64.1,24.4,9.6,0,0
27.8,33.4,15.8,20.2,0
44.6,40.5,3.4,7.8,0
43,9.2,20,23.3,1.9
44.5,39.8,7.6,5.6,0
47.6,40.3,5.1,3.6,0
40.5,46.7,6.2,4.4,0
73.2,14.1,6.6,0,0
55.8,15.8,28.4,0,0
22.2,11.6,63.7,1.7,0
57.7,25.6,13.5,0,0
48,22.6,4.1,14.8,8.7
27.8,45.8,3.3,14,4.8
44.6,23.3,5.3,18.8,7.2
38.6,12.4,27.6,13.1,4.1
73.9,15.4,6,0,0
51.4,24.6,20.5,0,0
36.7,23,6,25.9,7.3
31.1,13.3,15.1,32.7,5.8
31.9,45.7,1.8,9,6.2
59.3,8.6,10.6,16.3,3.2
0,0,0,0,0
42.7,20.4,1.4,18.1,9.4
18,51.8,5.6,21.5,0
77.3,10.6,8,0,0
30.3,53.5,1.1,8.4,5.1
71.6,14.1,7.7,0,0
47,27.8,2.3,13.1,8
26.6,14.6,12.5,41.6,3.3
40.7,36.9,14.2,5.4,0
58.2,32.6,6.4,0,0
41.8,35.4,12.7,8.9,0
58,16.6,25.4,0,0
30.7,17.5,47.8,2.1,0
64.4,23.7,8.7,0,0
68.7,14.6,7.2,0,0
41.8,31.2,4.6,19.4,0
54.5,24.5,15.1,0,0
25,52.2,1.2,11.5,6.8
50.1,12.7,6.4,18.3,11.4
54.8,32,6.2,4.8,0
41.7,28.3,20.7,8.6,0
67,12.4,9.1,0,0
46.5,14.6,33.5,2.6,0
30.4,44.4,3.7,15.3,3.1
77,12.6,4.6,0,0
50.7,13.2,11.7,14.3,5.5
0,0,0,0,0
81,8.6,3.4,0,0
66,16.9,6.7,0,0
30.1,30.7,3.3,27.9,6
23.7,65.7,10.6,0,0
67.6,19.6,8.9,0,0
35.2,25.9,4.3,25.7,6.1
42.5,33.4,9.4,13,0
57.4,23.2,14.9,0,0
34.4,39.3,1.7,16.1,6.8
21.9,56.2,2.1,8.7,6.4
45.5,40.6,6.5,4.5,0
45.4,36.8,8.4,7,0
51.9,34.2,4.6,6,0
34,11.3,50.4,2.6,0
38.2,43.2,4.9,11,0
41.8,24.5,19.3,9,0
62.5,16.6,21,0,0
48.6,23.7,2.3,13,9.3
40.7,37.9,10.8,6.4,0
48.2,41.8,3.6,4.1,0
50.6,11.5,16.6,16.5,2.9
40.2,13.8,8.9,23.4,5.3
33.5,12.7,26.6,20.3,5.1
60.1,32.1,5.2,0,0
41.7,27.7,3.2,14.7,11.1
53.9,23.5,6.2,0,0
58.8,24.6,2.5,12.1,0
50.6,23.8,2.5,14,7.2
46.8,16.8,4.3,23.3,7.9
33.8,8.8,30.1,18.4,5.9
26.6,42,4.7,18.5,4.2
71.8,13.6,14.6,0,0
51.6,20.7,3.6,17.9,4.9
79.4,9.4,3.9,0,0
0,0,0,0,0
81,8.5,3,0,0
59.2,21.2,3.6,15.2,0
45.5,23.8,17.1,7.8,0
58.6,18.7,1.4,12.7,6.1
20.6,50.2,2.7,16.4,7.5
47.7,8.4,42.9,0,0
80.3,8.1,6.6,0,0
71.3,12.3,15.6,0,0
51.1,8.9,18.5,16.5,2.5
80.1,7.8,12.1,0,0
44.1,13.1,5.5,28.1,8
29.3,9.8,26.8,20.7,9.8
43.8,20.3,7.5,20.2,6.7
43.8,23.2,18.9,10.1,0
82.2,9.3,6.1,0,0
32.9,48.2,2.1,11.4,2.6
29.3,50.5,2.3,10.6,2.8
33.6,18.2,7.3,35.1,5
34.9,44.4,6.8,10.8,0
50.6,18.7,4.1,16.6,8.5
62.7,11.1,24.3,0,0
52.9,14.9,16.5,5.8,5.8
69.4,11.5,10.7,0,0
44.5,25.2,3.4,17.3,8.1
29.7,39.4,2.1,21.7,5.8
45.5,10,19.4,19.8,2.7
30.42803007,10.6603715,21.58787352,11.9463254,2.91979872
37.5,8.9,25,17,2.7
39.1,41.9,5.3,0,0
51.8,33,6.2,6.1,0
50.4,22.7,3.2,15.9,4.9
48.2,14.7,34.7,0,0
51.6,11.3,16.9,13,3.4
38.1,8.5,31,15,4.1
33.8,26.2,22.5,10.9,0
0,0,0,0,0
37.7,53.4,8.9,0,0
72.6,8.8,6.9,0,0
31.2,41.1,1.8,20.1,3.9
47,44.4,5.8,0,0
38.1,35.1,15.4,9.9,0
43.7,42.1,2.5,8.4,0
70.7,17.9,4.4,0,0
75.4,12.4,5.4,0,0
33.5,31.8,2.9,23.6,6.5
78.1,13.7,8.3,0,0
68.1,15.1,16.9,0,0
80.9,9.4,5,0,0
40.4,37.9,18.2,0,0
85.8,5.3,3,0,0
47.5,11.9,15.6,16.3,6.4
43.3,42.6,6.2,5,0
37.5,33.7,17.1,8,0
30.1,49.6,7.8,11.2,0
29.4,48.8,1.7,8.2,7
85.2,5.8,5.7,0,0
39.4,27.6,11.3,18.8,0
29.4,41.4,3.5,13.5,5.2
51.8,18.2,3.3,17.8,8
39.3,6.9,20.3,24.6,5.6
53,27.1,9.7,0,0
42.2,45.7,9.3,0,0
48.6,24.7,9.2,15.1,0
40.5,35.3,20.9,0,0
76.2,9.4,5.7,0,0
53.8,21.6,3.7,12.1,7
35.1,28.5,3.4,22,6.3
41.2,16.9,9.6,26,4.8
30,29.7,1.1,14.1,11.4
46.8,37.3,6.7,6,0
64.6,28.3,4.3,0,0
32.1,51.7,8.9,5.2,0
50.3,38.2,4.2,4.6,0
42.8,47.9,4.5,3.3,0
63.8,16.2,20,0,0
36.1,13.6,46.8,2.2,0
65.6,21.7,10.9,0,0
45.4,23.2,4,16.7,7.8
35.6,23.7,6.9,25.2,7.4
37.6,11.7,23.9,19,4.6
44.8,37.7,3.8,0,0
26.2,1.5,41.5,18.5,9.2
53.4,13.1,3.3,23,6.3
36.8,36.9,16.4,8.8,0
26.8,24.6,8.3,24.6,8.6
48.1,8.8,41.4,0,0
28.8,22.9,6.6,24.1,9.4
37.9,31.1,2.7,19.5,7.2
25.7,45.7,4,15.2,4.9
77.1,13.6,9.3,0,0
55.6,30.9,6.9,4.2,0
31.7,49.8,1.9,9.8,3.5
68.1,11,17.9,0,0
54.1,12.3,30.6,0,0
36.3,10,24,23.8,2.4
30.7,14.4,24.2,17,5.9
55.6,11,15.7,13,2.8
20.9,28.8,0.4,27.6,7.7
46.9,27.3,14.8,8,0
50.1,34.5,8.4,4,0
55.8,23.4,1.8,8.1,8.6
60,27.3,0.9,0,0
28.3,44.8,2.9,17.2,4.1
43.8,13.7,38.5,2.4,0
52.7,13.2,31.8,0,0
34.5,38,16,8.9,0
38.9,10.7,24.4,20.6,3.8
49.6,24.7,4.3,18.7,0
0,0,0,0,0
27.6,28.9,0.3,15.6,14.2
32.5,25.7,5.5,30.1,5.1
80.4,11.7,7.9,0,0
41.8,26.6,3.9,18.9,7.5
61.6,11.8,25.7,0,0
42.9,10.3,27.5,16.2,2
52.1,25,2.1,11.7,7.8
20.9,50,2.2,15.9,7.2
58.1,10.1,13.7,12.6,2.8
51.5,33.1,6.7,5.5,0
54.5,17.6,3.6,16.2,7.6
44.1,11.9,14.4,18.6,6.8
38.5,27.8,4.7,20.8,7
65,15.3,11.7,0,0
30.1,52,1.2,6.4,5.2
44.4,21.1,4.7,18.5,7.8
54.9,17,25.7,0,0
56.8,24.7,2.8,12.3,0
28.1,28.9,2.1,16.6,9.3
46.4,36.6,8.2,5.9,0
46.2,38.8,12.7,0,0
32.6,10.1,28.6,24,1.8
54.3,25.9,10.9,0,0
51.3,18.2,30.4,0,0
29.1,10.7,47.9,10.7,0
32.9,18.7,7.1,27.9,9.8
32.1,48.9,2.2,9.2,4.3
60.8,24.4,14.8,0,0
49.2,11.8,18.1,14.4,3.8
74.4,11.5,5.8,0,0
58.3,12.8,25,0,0
43.4,21.9,5.3,18.9,5.5
40.7,13.1,6.4,30.7,7.5
55.4,14.8,4.6,15.3,7
18.8,45.3,0.7,15.5,8.4
43,35.3,13.7,5.2,0
53.8,37.1,7,0,0
27.8,40.2,12.8,17.8,0
40.8,23.3,11.7,13.6,7.8
57.3,27.7,8.3,4.9,0
31.9,16.8,47.1,2.4,0
49,23.6,3.6,17,4.5
80.1,7.3,6.5,0,0
69.4,16.8,13.9,0,0
52.8,10,16.4,16.9,2.1
34.7,21.8,6.2,30.9,5.5
24.4,52.4,2.2,11.6,5.3
57.7,11.2,11.8,13.7,2.9
74.2,15.3,10.5,0,0
49.5,25.5,2.2,13.8,7.7
51.3,23.9,2.5,20,0
49.3,24.1,2.4,13.3,9.1
32.7,42.5,2.2,10,6
23.2,32.8,0.9,17.7,10.9
52.8,33.9,5.7,4.7,0
34.3,33.1,12.7,18.2,0
36.4,17.1,42.2,2,0
54.6,16.4,4.2,15.6,7.4
32.2,51,1.9,8.4,3.2
66.9,17.5,4.4,0,0
77.4,14.5,8.1,0,0
55.6,11.3,13.1,15,3.1
37.4,6.2,29.1,21.1,2.2
78.6,9.5,3.6,0,0
61,15.9,19.7,0,0
41.3,31.9,0.9,21.6,0
61.9,21.4,10.1,0,0
25.6,32.8,1.7,26.7,10
44.3,41.8,5.9,5.6,0
76.5,12.8,10.7,0,0
28.1,41.8,1.2,19.1,6.9
36.9,28.2,5,18.7,9.9
24.5,45.3,5.4,19.4,2.8
30.9,27.7,1,11,21.7
58,33.5,5.7,0,0
37.6,35.5,12.1,13.6,0
46.5,36.4,8.7,5.2,0
50.7,31.6,10,5.6,0
51.7,14.7,29.1,2.4,0
29.9,48.1,2.9,11.5,4.2
77,8.6,5.8,0,0
25,17.8,9.4,39.5,6.8
44.2,22.9,4.1,19.2,8.4
46.3,33,7.8,12,0
48.7,16,29,0,0
31.6,9.2,31.7,18,5.1
56.8,21.5,17.6,0,0
35.9,10.7,30.7,16.8,3.2
22.6,52.9,3.8,13.4,5
33,10.5,27.4,22.9,4.1
48.6,8.6,19.6,16.4,3.5
63,12.8,22.4,0,0
36.9,39.3,1.5,14.7,7.3
25.9,50.6,2.1,10.1,9.9
51.6,8.5,22.9,10.8,3.9
57.6,10.3,12.7,14,2.6
47.7,28.1,11.4,11.6,0
48.3,22.4,3.9,15.9,6.2
24.6,40.8,4.8,21.4,4.7
39.8,38.1,11.3,7.9,0
40.7,31.6,3.7,14.9,7
55.2,21.4,5.3,11.2,5.7
41.4,16.2,8.1,21.2,9.1
54.5,13.7,30.1,0,0
27.9,42.1,3.8,14.6,5.8
33.9,37.8,3.8,16.3,4.9
42.4,33.1,15,6.3,0
27,42.9,14.8,13.3,0
33.7,40.1,15.5,8.5,0
46.3,24.3,3.6,14.4,9.2
30.6,46.2,2.7,11.8,4.5
49.9,40,7.7,0,0
48.8,20.9,2.6,24.4,0
28.9,19.9,8.9,36.9,4.2
46.8,22.3,2.8,14.3,11.5
40.2,29,3,20.4,6
22.5,31.3,1,18.8,15.6
35.3,32.5,20.3,8.8,0
58.4,34.4,4.6,0,0
39,37.2,8.3,12.9,0
44.5,38,9.6,5.2,0
29.4,14.1,51.9,2.3,0
48.9,22.4,4.7,13.8,6.8
50.4,19.5,3.3,18.8,7.2
58.7,14.5,26.8,0,0
56.2,17.2,5.2,17.2,0
48.6,34.5,6.4,5.7,0
26.3,59.3,7.2,7.2,0
47,29.7,2.4,11.7,7.4
54.9,32.9,3.5,5.5,0
77.9,11.3,3,0,0
29.6,38.1,2.2,22.3,4.1
44.1,9,19.9,20.2,2.8
48.6,14,33.2,2.2,0
41.8,22.2,6.4,23,5.9
50,20.4,5.2,21,0
76.1,6.9,6.2,0,0
32.5,44.9,2.3,10.4,4.6
40.8,20,7,28.5,0
35.37244755,11.70130964,15.26162258,10.74440688,2.105430179
41.1,28.1,17.7,7.3,0
39.6,32.8,18.1,7.4,0
23.7,10.9,41.7,19.4,1.3
34.9,7.2,29.5,23.5,1.9
52.7,10.2,13.7,13.2,5.9
71.4,14.5,5.4,0,0
41.4,18.4,36.8,1.9,0
24.7,50.4,1.9,12.8,6.4
49.7,35.7,5,6.2,0
62.7,10,10.5,12.8,1.9
42,14.7,16.8,20.6,3.4
47.8,15.8,15.2,15.2,4.5
37.7,8.2,24.8,24,2.5
46.9,30.7,2.4,17.2,0
57.2,27.7,9.3,3.7,0
32.3,21.8,41.1,2.1,0
47.1,35.6,7.6,6.5,0
68.2,14.2,7.9,0,0
47.1,13.2,17.6,14.6,4.1
40.5,34.3,10.1,13.9,0
59.3,16.4,24.3,0,0
31.7,41.9,3.3,14.7,5
45.9,10,15.9,22.2,1
53.2,16.8,4,20.5,4.4
34.6,33.9,10.7,18.2,0
29.8,46.2,2.2,12.2,5.5
34,8.7,25.9,27.3,1.9
68.7,14.2,15.8,0,0
49.2,15.8,6.4,17.9,4.9
37.3,32.2,1.9,20.8,5.5
31.2,33.9,21,9.9,0
40.4,22.5,4.1,18.2,11.4
37,26.8,4.5,21.6,8.7
51.2,22.6,2.5,15.6,6.6
33.7,48.9,1.9,8.7,4.1
34.5,33.9,2.1,19.9,7.2
30.5,28.9,0,24.3,7.1
54.1,37.9,5.3,0,0
40.5,19.5,36.5,0,0
39.8,45.8,7.8,4.5,0
64.5,16.5,8.6,0,0
28.5,48,1.7,12.6,5.5
50,37.2,5.8,4.2,0
49.3,20,9.9,12.5,5.7
30.9,8.2,35.1,14.4,7.2
48.9,9.9,18.1,17.2,2.9
79.6,9.4,11.1,0,0
39,36.4,0,13.3,5.6
0,0,0,0,0
35.5,41.6,2.1,15.1,4.5
62.7,13.9,23.5,0,0
58.1,8.3,13.4,14.5,1.7
73.2,11.1,9.5,0,0
33.7,27.8,0.5,18.3,7.9
41.8,21.9,4.9,21.1,9.8
54.1,15.7,7.7,6,0
51.7,22.6,2.6,13.9,7.3
29.1,50.1,2.4,11.4,4.2
75.9,5.5,18.6,0,0
62.4,22.4,11.7,0,0
47.8,42.6,6.4,0,0
52.1,13.3,14.3,15,3.8
33.8,13.4,30.3,12,5.6
43,22.9,19.4,9.4,0
39.1,15.1,41.4,2.3,0
64.4,20.1,15.5,0,0
27.7,47.4,1.8,9.8,5.4
35.5,7.8,29.7,20.7,2.7
52.5,33.3,8,4.6,0
44.4,37.2,4.2,11.2,0
49.1,32.3,3.6,10.1,0
25.8,25.6,0.6,25.6,8.2
41.3,37,6.6,9.2,0
72.9,14.3,7.1,0,0
34.9,27.6,3.9,23,7.9
48.3,14.8,10.4,23.2,0
62.6,20.5,14.5,0,0
29.2,25.5,28,11.1,0
79.1,6.9,8.9,0,0
32.7,32.1,21.8,8.4,0
52.3,17.9,16.1,8.6,0
24.1,34.2,1.4,15.8,10.2
39.3,36.6,20.1,0,0
45.2,8.9,22.2,18,2.8
33.1,7.9,29.9,18.1,7.9
46.2,33.7,11.2,6.4,0
22,55.2,1.7,14,6.1
47.3,25.2,18.1,5.6,0
48.9,39,4.8,4.5,0
20.6,65.5,13.9,0,0
59.6,24.4,12.5,0,0
42.6,33.3,12.5,7.5,0
57.4,19.5,2.4,10.2,9.8
35.3,27.3,21.5,11.4,0
68.3,14.4,13.7,0,0
52.4,14.3,14.3,11.9,0
41.6,14,6.1,30.8,6.6
68.8,15.3,8.2,4.7,0
45.5,42.4,5.4,4.3,0
42,30.2,2.6,16.8,6.7
33.8,49.5,0.9,9.2,3.1
49.9,16.4,2.8,16.9,10.8
43,26.4,1.9,21.2,5
49.2,26.8,2.9,18,0
42.9,27.8,3.2,18.8,6.5
32.9,28.5,1.2,18.2,6.9
38.1,35.4,13.7,9.9,0
60.6,29.9,5.8,0,0
50.9,31.1,7.4,8,0
35.1,47.5,3.9,8.4,0
39.2,25.1,21.1,9.3,0
37.3,40,13.2,7,0
49,34.9,8.5,5.4,0
39.5,34.9,13.3,9.2,0
50.4,11.2,32.8,2.7,0
31.9,37.2,4,18.4,7.6
74.6,12.9,12.6,0,0
72.5,12.3,15.2,0,0
46.8,29.5,3.5,12.6,6
28.9,51.9,1.7,11.4,2.9
52.7,35.8,8.3,0,0
75.7,9.2,7.5,0,0
34.9,7.9,31.7,15.9,7.9
27.7,12.9,15.5,37.6,5.2
52.4,8.7,37.8,0,0
48.4,28.2,2.7,14.9,4.6
25.1,34.9,0.6,17.9,8.9
37.6,42.4,11.7,4.8,0
57.9,31.5,7.3,0,0
32.5,53.7,6.6,5.1,0
56.2,35.9,4.1,1.7,0
39,18.9,9.8,23.2,5.2
34.6,50.8,1.6,7.2,3.6
53.7,36.1,7.1,0,0
46.9,23.7,3,16,8.5
39.8,39,4.1,12.7,0
57.1,31.3,5.2,4,0
27.8,44.4,2.3,14.3,6.9
35,23.8,6.1,24.7,8.9
39.4,34,1.1,18.8,4.8
0,0,0,0,0
43.5,34.5,4.4,15.9,0
47.8,28.2,2.3,15.1,5.3
26.2,31.7,2.9,12.2,6.5
15.3,55.2,3.4,23.7,0
45.9,36,9.1,6.1,0
59.4,30.6,7.1,0,0
30.1,28.6,16.4,23.5,0
46,29,9.2,13.4,0
51.3,40,0.7,5.8,0
48.3,35.4,7.9,6.7,0
74.5,10.9,6.2,0,0
63.5,17.5,10.6,0,0
56.7,12.6,30.7,0,0
51.8,13.6,28.9,2.9,0
34.2,39.2,3.2,16.1,6.6
71.2,15,13.8,0,0
65.9,18.8,13,0,0
44.9,22.3,4.5,17.5,7.4
31.4,48.1,2.6,12.3,3.6
76.4,6.9,12.7,0,0
31.8,51.5,14.1,0,0
72.3,12.2,7.1,0,0
51.8,22.7,2.5,16.3,4.8
64.6,28.3,4.3,0,0
59.6,20.5,19.9,0,0
27.7,11,32.2,23.2,3.3
31.4,48.5,7.7,9.6,0
47.6,36.2,8,5.5,0
26.8,39,14.6,18.3,0
35.7,47.6,0,14.3,2.4
34.9,41.1,2.1,14,4.1
39.9,27.6,20.3,9.4,0
39.7,29.8,2.9,18.3,6.9
53.6,21.1,1.9,13.8,8.7
19.3,19.6,3.9,30.5,7.3
43.9,38.8,8,5.4,0
53.9,37.1,6.9,0,0
54,20.1,12.9,11.6,0
40.7,40.1,9.6,6.5,0
62.9,15.8,11,0,0
46,26.1,3.6,15.9,6
28.8,47.8,1.9,12.3,6
29.5,10.4,24.3,27.2,6.4
41.5,44.1,6.4,5.5,0
36.7,35.5,3.5,13.6,8.7
78,9.3,11.5,0,0
49,21.6,3,15.6,9.1
25,35.1,0.6,16.2,10.3
53.1,38.6,3.8,2.5,0
52,36.9,5,3.4,0
74.2,14,11.9,0,0
28.5,48.5,2.7,9.3,4.9
75.5,14.7,9.7,0,0
14,76.7,9.3,0,0
67.3,8.6,8,0,0
54.6,31.9,11.1,0,0
56.3,27.3,12.9,0,0
26.7,27.4,28.1,11.7,0
50.3,23.1,15.3,7.7,0
74.2,8.9,10,0,0
36,28,24,9.9,0
24,64.9,11.2,0,0
42.7,31,15.3,7.8,0
28.7,53.4,1.3,11.1,3.4
42.7,35.6,11.5,9,0
31.4,45.7,2.2,12.3,4.4
30,34.1,3.4,24.8,5.6
65.3,17,6.8,0,0
69.7,14.5,8,0,0
52,35.3,5.7,4.5,0
39.9,29.5,18.8,9.3,0
24.7,43.1,4,18.1,4.7
42.2,41.2,14.1,0,0
48.3,12.6,35.6,0,0
65.3,18.3,13.1,0,0
60.2,13.7,22.6,0,0
23.1,35.7,25.9,11.7,0
32.3,51.8,0.9,7.1,8
26.9,33.4,23.5,14.8,0
31.3,30.8,0.7,16.5,9
77.9,11.3,6.7,0,0
28.8,39.2,4.6,18.7,5
34.4,25.9,5.4,17.7,5.8
41.1,48.9,7.3,0,0
42.3,24.1,17.5,11.5,0
74.4,11.4,5.5,0,0
66.1,16.3,15.9,0,0
43.2,4.5,29.1,17.6,3
58.3,11.9,28.1,0,0
71.7,13.6,6.5,0,0
35.8,40.8,2.1,13.9,5.8
36.7,19.5,6.7,26.4,9.5
41.8,23.9,3.3,23.9,5.9
49.2,16.4,4.4,22.4,6.6
71.6,9.8,15.4,0,0
30.6,34.1,2.1,26.1,5.3
80.3,9.9,5.2,0,0
66,15.7,18.3,0,0
53,10.9,15.2,16.1,2.8
37.1,39.6,1,14.1,5.3
29.6,38.2,3.2,22.1,5.5
73.5,11.4,10.8,0,0
82.9,7.2,6.8,0,0
74.2,17,8.8,0,0
27.2,44.5,3.5,18.3,3.4
78.7,10,7.1,0,0
41.1,33.3,11.1,13.3,0
36.4,34.4,18.2,7.9,0
66.7,26.2,4.7,0,0
54.8,23.1,9.4,11.2,0
47.8,36.2,8.9,4.5,0
62.6,18.8,9.9,0,0
31.4,22.7,42.3,1.9,0
32.4,20.9,7.8,28.3,7.4
27.8,48.7,2.5,11,6.3
29.1,53.2,6.8,8.4,0
48.5,42.7,6.2,0,0
23.7,30.1,1.6,20.1,15.8
41.5,37.3,18.2,0,0
67.4,17.3,4.4,0,0
0,0,0,0,0
38.2,41.9,0.3,15.6,2.7
29.3,53,2,8.9,2.4
45.5,42,5.9,4,0
47,43.4,6.7,0,0
62.5,29.2,6.1,0,0
35.9,37.4,10.3,15,0
45.7,28.9,15.5,6.8,0
43.9,38.1,4.6,9,0
69.7,16.2,12.6,0,0
42,37.4,1.4,10.1,6.8
52,27.8,1.6,16.4,0
40.7,37.9,7,12.1,0
42.2,39.4,9.4,6.2,0
36.1,33,18.1,9.7,0
40.6,36,19.1,0,0
46.8,32.1,5.1,12.9,0
78.8,7.3,9,0,0
0,0,0,0,0
49,19.7,5.4,22.6,0
36.1,24.3,27.1,10.5,0
64.2,27.1,6.7,0,0
50.6,24.1,14.9,6.2,0
76.7,8,7,0,0
39.5,10.1,46.9,2.4,0
75.4,14.7,9.8,0,0
65.4,16.5,18.1,0,0
56.2,21.6,1.2,12.4,7.8
54.9,10.8,13.2,15.7,3.1
50.4,19.3,2.9,13,9.6
45.5,23.6,3.2,14.6,11.4
45.6,38.2,9.1,4.7,0
32.6,40.6,2.8,13.1,5.4
24.2,44.3,1.6,14.6,9.7
32.3,44.2,3.3,12,5.1
41.6,11.6,17.9,18.3,7.1
49,24.9,17.2,0,0
44,31.6,21.6,0,0
33.9,21.7,8.5,22.3,9.2
41.8,8.4,10.8,31.1,6.9
39.8,35.7,2.2,17.3,4.8
68,16,16,0,0
49.1,10,14,15.9,4.8
50.3,38.3,7.7,0,0
56.9,21.8,2.7,12.3,5.6
45.6,23.4,18.5,7.1,0
0,65.3,0,17.6,0
0,0,0,0,0
83.8,7.4,4.6,0,0
23,53.5,8.2,11.5,0
36.7,34.6,3.1,18.2,5.5
42.1,18.3,5.5,18.7,12.1
45.3,36.9,9.1,5.4,0
47.7,27.4,2.7,13.1,6.9
46.8,26,12.2,13.3,0
44.4,22.4,3.3,18.4,10.1
34.5,28.5,4.5,16.4,8.2
52.8,17.6,2.9,13.5,10.7
35.8,34.3,1.7,18.5,7.2
49.9,28.3,11.4,5.4,0
60.1,31.5,5.1,0,0
50.3,25.1,13.9,8.9,0
58.2,10.5,8.6,15.5,2.8
37.9,51.2,5.2,3.2,0
55.8,33.3,4.6,4.2,0
47.3,15.8,30.3,3.7,0
60,22.6,15.5,0,0
68.6,14.2,17.3,0,0
49.7,27,2.5,11.9,6.8
31.1,42.5,1.7,16.7,6.4
78.5,11.2,3.2,0,0
52,37.2,5.8,3.3,0
59.9,14.1,24.4,0,0
55.5,27.2,15,0,0
52.2,16,29.3,0,0
33,23.2,7.1,22.5,11.7
52.7,21.6,1.8,18.1,2.4
47.6,17.6,7.9,22,0
51.3,23.9,3.1,13.9,6.5
31,25.3,1.2,18.9,11.9
34.8,34.1,20.3,6.7,0
54.8,24.7,9.2,10,0
40.8,12.3,16,21.8,5.5
39.5,43.5,9.1,5.3,0
42.1,39.4,9.4,6.8,0
47.4,22.5,3.7,12.5,4.2
35,44.7,2.5,10.4,4.1
53.4,19.4,3.3,16.8,6.1
33.4,24,25.9,11.2,0
48.5,25.4,20.4,4.4,0
55.7,23.5,18.8,0,0
53.8,13.8,11,15.5,3.1
44.1,13.6,22.9,14.4,2.5
38.3,30.2,9.9,17,0
35.9,27.1,25.8,7.1,0
45.7,37.9,6.5,7.1,0
30.9,11.4,26.4,21.9,6.3
54,9.8,12.4,17.1,3.7
29.7,28.2,9,28.8,0
32.8,50.1,1.6,7.2,3.9
48.5,25.7,11.2,12.9,0
57.4,19.7,11.8,9.2,0
21.5,6.5,29,29,12.1
57.6,19.6,3.9,15.3,0
70.9,10.8,7.9,0,0
38.8,35.6,6.5,10.2,0
43.8,25,16.3,12.4,0
49.9,37.4,6.5,3.7,0
54.9,15.1,30,0,0
50.7,26.9,1.7,11,7.8
81.8,8.9,5.3,0,0
79.9,8.2,5.5,0,0
31.7,7.3,31.1,24.9,2.2
30,24.1,6.3,20.9,8.9
19.9,9.1,19.9,44.2,5.5
38.4,9.6,24.7,19.2,5.5
44.4,31.7,1.9,18.9,0
45.8,22.2,4.4,19.4,6.6
72.5,7.9,7.1,0,0
34.9,49,1.3,6.8,3.5
31.5,15.8,50,1.6,0
43,21.4,3.9,18.9,10.8
34.7,44.7,1.9,9.5,5.8
43.6,31.2,1.1,18.2,5.1
44.2,30.7,1.3,15.7,7
36.3,41.6,7.5,11,0
38.6,36,9.5,14.9,0
30.4,44.8,7.4,13.1,0
26.1,5.8,36.3,27,2.4
47,42.3,4.7,4,0
47.5,36.2,7.9,5.8,0
83.7,6.3,3.8,0,0
45.8,36.4,8.8,6.8,0
66.6,17.6,7.4,0,0
78.9,9.9,4.7,0,0
28.8,44.6,1.1,16.1,9.5
31.9,38.2,2.1,19.3,7.1
69.6,13.8,16.6,0,0
66.3,9.3,23.6,0,0
61.3,20.5,18.2,0,0
48.3,22.9,2.9,15.5,8.9
29.9,9.4,31.5,12.6,7.9
78.3,10.9,6.1,0,0
49.1,40.4,8.4,0,0
82.3,7.9,4.2,0,0
20.2,29.4,2.3,24.3,9.2
44.8,40.1,7,5,0
67,20.2,12.8,0,0
27.7,49.8,1.8,9.4,6.5
60.6,11.5,25.3,0,0
56.3,12.6,28.7,0,0
62.3,9.3,26.3,0,0
38.8,36.3,1.1,13.9,6.5
43.9,8.7,23.6,18.7,2.4
31.6,50.3,2,10.1,3
34.1,38.8,14.3,7.9,0
37.3,44.9,6.6,9.2,0
44.5,42.9,3.5,6.9,0
39.3,23.9,24,8.6,0
46.1,34.3,10.1,5.8,0
56.8,18.9,24.3,0,0
33.8,36.6,4.2,17.6,3.7
36.5,32.6,1.9,20.8,6.2
36,38.9,14.7,7.2,0
32.4,39,9.7,15.8,0
62.4,22.6,4.5,0,0
39.1,18.4,37.8,2.5,0
28.9,36.3,3.1,24.6,5.8
89.6,5,1.8,0,0
40.8,6.4,27.4,21.7,3.2
55.3,21.7,1.7,12.4,6.9
37.9,9.4,28.1,21.1,2
32.5,34.2,2.6,22,6
36.7,11.2,48.6,2.4,0
50.1,14,20.8,0,0
69.8,12,13.1,0,0
40.2,21.1,7.5,22.1,6.4
27.9,14.9,11.4,40.4,4.3
36,35.5,0.7,10.5,6.1
40.6,22,5,25.3,6
42.2,34.2,2.3,14.5,6.3
59.7,8.5,11.8,13.7,2.4
48.2,7.9,17.5,16.7,6.1
59.5,16.3,3.1,9.9,10.5
44.2,26.6,3.3,16.8,8
42.3,39.9,9.5,5.7,0
22.3,45.1,3.5,17.9,6.5
27,36.2,0,13.4,11.5
33.7,15.1,47.7,2.4,0
43.7,26,16.5,7.1,0
54.3,11.9,14,15.2,2.9
35.4,9.5,25.5,20.9,5.7
41.6,27.9,5.1,17.4,6.9
77.3,9.8,5.4,0,0
51.4,10.6,14.2,16.4,4.4
48.5,13.5,2.6,22.1,12.7
42.1,7.3,25.8,14.6,6.7
77.4,12.5,9.1,0,0
61.7,25.6,10.5,0,0
74.5,12.6,12.9,0,0
44.5,11.7,40.3,0,0
22.7,28.9,6.3,30.3,10.7
27.9,9.9,29.6,21.9,7.2
63.4,9.8,10.1,12.2,2.2
21.3,49.1,2,13.2,6.7
56.3,7.8,16.7,16,1.4
15.6,39,0.5,20.7,18.6
34.5,32.9,15.1,15.8,0
48.2,24.5,2.3,17.4,7.2
43.2,22.2,21,8.7,0
48.4,16,22,8.2,0
48,19.8,5.3,12.4,12.7
50.4,19.7,3.4,16.4,8.3
40.3,39.8,12,5.8,0
46.4,38.8,8.5,3.9,0
44.9,31.3,12.3,8.2,0
57.1,24.1,1.5,9.2,6
47.8,34,9.8,5.5,0
78.8,10.3,6.7,0,0
36.2,20.7,6,26,9.6
38.4,36.2,1.7,16.9,5
47.9,10.3,40.2,0,0
49,29.1,3.3,16.4,0
44.5,28.6,2.7,15.4,7.2
27.7,33.5,0.8,18.5,7.9
7.6,57.4,5,27.1,0
43.2,36.7,10.7,7.1,0
56.1,36,5.2,0,0
33.7,34,14.8,15.6,0
57.8,21.7,6.6,8.6,0
46.6,41.1,6.1,3.9,0
42,30.1,19.1,7,0
71.5,8.5,9.8,0,0
40,41.4,8.7,7.1,0
60.5,20.2,9.2,0,0
47,19.7,33.3,0,0
31.8,16.2,48.7,1.8,0
34.2,29.6,4.2,20.9,9.1
31.6,49.3,1.8,9.1,4.5
41.6,21.2,6.5,19.3,10.3
57.8,19.5,7.7,14.5,0
21.5,34.1,0.4,18.8,10.7
50.6,8,37.4,2.3,0
50.8,17.4,28,0,0
56.6,14.8,24.9,0,0
25.3,42.9,2.4,21.3,5.6
58.6,9.4,12.2,14.5,2.6
74.7,16.9,8.4,0,0
38.3,19.1,6.2,28,7.9
35.6,19.6,7.2,30.6,5.9
47.2,16.9,8.2,24.1,0
53.3,12.9,31,0,0
34,7.5,31.5,22.5,1.9
31.3,11.1,31.4,18.9,2.9
41.8,13,45.2,0,0
41.6,26.2,20.2,7.5,0
36.7,53.1,8.1,0,0
44.5,14,38.1,0,0
44.7,9,21.6,19.7,2.2
44.5,44.9,8.6,0,0
40.1,6.4,27.1,22.7,1.5
53.9,21.2,2.4,11.8,7.9
46.2,23.1,10.8,0,0
50.3,39.3,4.6,3.2,0
66.3,6.2,24,0,0
50.2,40.4,6.8,0,0
52.9,19.2,2.5,13.9,8.9
43.1,24.6,4,14.9,8.7
54.8,17.3,5.7,19.5,0
53.6,25.9,1.7,10.8,6.2
18.8,35.2,1,21.1,9.5
45.7,36.1,8.5,6.2,0
49.1,39,9.5,0,0
41.3,27.8,14.2,14.4,0
43.7,9.8,22.3,18,1.8
40.7,44.6,7.3,4.8,0
52.2,38,4.3,3.4,0
37.5,18.1,41.2,1.8,0
62.2,21.5,16.3,0,0
42.5,26.1,3.5,15.4,4.9
50.4,19.3,4,16.4,7.6
40.6,41.8,1.7,8.6,5.1
77.9,8.2,6.1,0,0
77.6,10.4,7.8,0,0
42.1,23.4,3.3,14.5,7.3
16.1,7.1,35.7,25,7.1
57,11.2,29.9,0,0
48.5,9.9,17.7,17.9,2.4
32.9,27.3,25.8,9,0
49.2,37.1,10.8,0,0
49.5,15.1,3.2,20.6,9.8
26.1,27.1,1.4,21.6,9.7
37,39.3,14.6,6.2,0
51.5,39.4,6.1,0,0
31,44.6,8.6,13.7,0
45.7,44.8,3.5,4.3,0
40.8,30.2,2.1,17.3,8.6
61.5,15.8,22.6,0,0
48.6,26,3.3,13.2,7.7
79.9,7.9,6.7,0,0
53.8,9.5,17.7,15.6,1.8
26.3,11.2,22.4,28.3,7.9
51.1,12.4,11.4,21.5,0
61.5,32.7,3.5,0,0
60.1,20.5,9.5,8.9,0
42.4,46.1,4.9,4.4,0
21.8,55.1,1.2,14.1,5.5
42.4,16.6,8.2,24.9,7.2
54.6,8,15.2,16.5,3.2
41.3,36.2,12.5,7.1,0
35,29.2,23.3,11.5,0
35.6,30.8,19.8,9.1,0
24.9,52.7,3.3,11.8,4.2
79.4,10,7.2,0,0
75.1,7.7,9,0,0
44.4,39.9,7.5,5.7,0
33.8,48.5,1.9,11.8,2.9
43,15.2,6.8,27,6.9
46,8.5,22.4,16.9,3.3
47.1,27.8,11.4,12.9,0
39.7,30,3.5,17.4,8.1
32.6,39,0.7,20,4.1
35.3,32.5,2.1,21.2,7.8
45.6,12.2,19,17.9,2.2
28.8,40.6,2.2,20.6,6.6
81.2,7.5,3.2,0,0
63.9,20.2,16,0,0
33.9,20.4,9.9,25.8,5.8
28.8,43,12.4,14.3,0
54,25.7,8.3,9.8,0
31.8,43.6,2.4,12.4,4.5
34.7,34.8,3,16.3,9.1
44.3,44.1,4.8,4.2,0
36.6,33.2,18.5,7.9,0
41.2,39.1,8.7,7.2,0
91.5,4.9,0.6,0,0
40.7,33,2.8,15.9,6.4
40.9,25.9,21.2,9.4,0
54,18.7,4.8,15,5.3
38.8,32.2,2.6,20.2,5.2
63.8,18.4,15.4,0,0
54.7,21.3,6.4,0,0
27.5,41.6,18.5,9.7,0
35.5,37.4,13.2,12.7,0
24.7,46,5.1,15.2,5.4
42.1,23.4,4.5,18.1,8.7
38.5,42.2,1.7,10.8,2.5
48.5,20.8,2.9,15.5,10.3
67.5,17.9,14.7,0,0
45.1,30.2,10.2,12.8,0
70.5,15.9,13.6,0,0
78.2,6.9,7.7,0,0
32.5,30.2,22.8,12.1,0
50,14.2,5.2,22.2,7.2
36.9,31.1,16.5,9.1,0
31.9,7.4,30.5,26.6,1.6
52.8,8.6,15.5,18.7,1.8
35.7,12,48.9,2.2,0
28.8,47.5,2,13.1,4.5
45.5,8.8,19.8,21.6,2.3
47.5,13,32.9,3,0
52,18.4,4.5,15.9,6.7
81.3,7.5,11.2,0,0
46.8,8.1,22.3,17.4,2.2
35.1,37.8,17.6,6.5,0
35.2,37.7,3.3,11.7,4.2
77.2,7.2,9.7,0,0
51.3,8.5,14.6,19.4,3.3
36.6,4.8,32.3,22.6,0
44.9,29.4,13.6,8.4,0
45.7,24.8,14.8,9.3,0
43.1,42,12.2,0,0
79.2,10,6.7,0,0
34.3,39.9,15.3,7.3,0
35.6,38.4,12.4,12.8,0
60,27.4,6.3,2.9,0
73.1,7.6,19.3,0,0
33.9,19.3,43.1,2.1,0
55.4,20,22.2,0,0
82.9,9,3.1,0,0
62.3,15.7,19.3,0,0
48.1,23.8,3.5,16.5,7.5
58.8,24.2,9.4,0,0
52.9,8.3,17.7,15.9,3.2
33.81749776,11.64461714,19.03352145,9.424245228,2.322138958
0,0,0,0,0
43.4,31,11.2,13,0
61.6,8.8,11.1,14.4,2.1
53.2,39,5.1,0,0
40.7,13.7,41.5,2.2,0
22.5,9.1,2.9,62.7,0
59.4,10.6,10.8,13.1,3.1
65.3,8.8,24.2,0,0
17.8,9.9,42.4,23.5,1.8
58.5,14.6,23,0,0
84.3,5.4,10.3,0,0
49.2,9.6,7,26.6,6.3
21.8,12.2,38.1,19,3.4
58.8,7.1,15.9,14.6,1.7
32.2,10.7,35.5,21.5,0
58.3,14.6,24.4,0,0
54.1,14,29.8,0,0
27.8,33.5,23.9,10.7,0
20.9,47.9,2.7,15.7,5.8
58.9,24.4,14.2,0,0
33,45.4,2.5,10.1,4.3
64.8,11.4,21.9,0,0
49.2,9.5,15.7,20.3,2.6
18.4,71.2,10.4,0,0
52.4,13,13.4,16.1,2.7
34.7,39.2,3,12.6,6.4
60.3,16.5,1.6,15.1,4.6
49,37.9,6.4,4.2,0
49.8,9,19.2,18.1,2.2
26.8,21.8,1.3,23.6,16.2
31.5,44.9,2.8,9.8,5.7
55.8,12.1,9.6,17,3
38.9,8.3,26.5,22,1.6
31.8,15.1,26.8,18.8,4.7
26.1,54.3,16.9,0,0
64.1,19,17,0,0
72.3,8.5,5.4,0,0
50.8,19.4,3.1,19.9,6.8
79.1,8.3,4,0,0
89.5,4.3,1.7,0,0
30.2,46.5,5.5,15,0
61.2,20,18.8,0,0
39.3,28.6,17.3,8.2,0
42.6,21.9,3.7,18.2,6
52.9,35.7,5.8,3.4,0
73.4,9.9,6.9,0,0
54.7,19.4,3.9,13.1,7.1
25.5,24.2,0.6,11.9,13
46.8,31.3,10.6,6.9,0
28.1,51,2.6,10.1,4.4
45.2,21.5,4.6,18.9,7.7
83.7,7.3,4.2,0,0
64.8,21.7,4.7,0,0
38.6,46.4,7.4,4.8,0
29.7,17.4,24.7,20.1,2.3
84.5,4.8,10.7,0,0
74.1,7.6,13.1,0,0
30.5,36.1,0.2,18.4,8
69.2,9.9,10.9,0,0
52.1,17.4,2.9,15.8,9.9
41.3,32.9,1.2,19.3,3.3
61.9,10.7,26,0,0
53.9,9.5,8.7,24.5,0
40.9,26.3,4.8,18.3,8.7
31.4,36,0.7,17.9,4.6
42.9,34.6,11.4,8.4,0
48.9,37.1,11.3,0,0
59.3,21.6,7.7,10.2,0
40.4,23.2,25.1,6.5,0
43.2,43,8,3.7,0
50,34.1,6.7,5.8,0
51.6,17.3,31,0,0
50.9,18.2,24,4.2,0
69.4,16.9,11.8,0,0
47.7,21,3.7,15.6,7.2
46.3,37.4,12.7,0,0
80.5,7.6,4.1,0,0
51.8,14.7,14.3,13.8,3.5
43.3,12,20.4,15.8,4.3
32.8,44.1,1.8,9.4,4.4
35.1,33.5,17.7,7.6,0
70.8,8.4,16.8,0,0
32.1,10.7,14.3,28.6,10.7
0,0,0,0,0
39.4,17.6,7.3,20.9,12.7
41.6,26.8,4.2,17.8,6.2
48.9,23.5,2.4,13.7,10.2
20.7,23.3,1.8,21.7,14.9
43.7,35.1,10.7,7.3,0
53.5,35.3,7.7,0,0
39.1,35.7,12.3,11.7,0
48.1,14.1,21.2,16,0
39.1,22,35.2,0,0
49.5,37.3,6.9,3.9,0
49.1,36.5,7.2,3.9,0
51.8,32.5,7.7,4.6,0
55.8,20.9,23.2,0,0
40,11.8,45.1,1.9,0
48.3,20.1,29.3,0,0
37.7,24.5,5.5,20.9,7.7
26.6,48.3,3.9,14.8,3.7
32.3,16.8,8.9,32,8.5
38.8,9.7,24.3,19.4,2.9
51,19.7,15.9,7.6,0
59.2,20.9,17.3,0,0
21.5,6.1,45.5,19.3,3.7
0,0,0,0,0
61,15.4,21.6,0,0
61.3,22.5,16.3,0,0
40.7,32.9,17.2,6.5,0
46.9,27.5,3.6,10.7,10.2
23.6,51,1.6,10.6,5.6
61.2,25.4,2.5,0,0
47.8,35.1,4.1,8.1,0
23,9.1,41.8,19.4,1.2
44.6,19.7,4.5,18.3,11.4
39.9,27.7,4.4,21,5.7
38,32.5,16.7,8.4,0
58.5,33.7,5.4,0,0
42.7,40.9,10.4,6.1,0
51.8,35.3,6.3,4.3,0
41.4,14.5,37.2,3.3,0
48.2,27.1,2.5,13.4,6.9
15.2,73.1,11.7,0,0
78.4,8.8,5.6,0,0
70.4,14.2,8,0,0
60.4,11.1,26.6,0,0
75.5,6.2,18.3,0,0
33,45.1,1.7,11.8,6.5
27.5,4.3,37.4,20.9,6.6
33.8,23.7,39.2,1.6,0
67.1,20.7,12.3,0,0
30.1,52.5,2,9.2,1.8
33.3,48.9,9.8,5.2,0
46.9,10.7,16.9,15.8,6.2
37.4,34.7,11.9,14.5,0
59,16.2,24.8,0,0
57.2,19.1,2.2,12.5,7.6
35,34.5,1.3,20.4,7.5
29.8,23.9,1.9,26.3,4.6
34.4,27,7.2,22.1,7.6
30.6,34.5,19.7,10,0
40.3,12.1,43.5,2.4,0
29.4,31,2.9,28.7,6.8
78.2,9.3,3.3,0,0
23.1,52.3,3.2,13,4.8
58.6,6.3,19,10.7,3.3
69.2,12.9,8.9,0,0
49.4,10.2,15.2,18,2.8
73,7,15,0,0
59.1,8.9,31.4,0,0
41,42.8,7.1,6.3,0
51.2,18.9,5.8,21.8,0
68.4,9.5,22.1,0,0
38.5,37.8,5.1,12.1,0
37.1,8.2,26,23.8,2.2
67.1,12.9,17.7,0,0
41.4,40.5,5.1,0,0
30.2,42.3,2.6,12.7,4.5
30.4,6.5,32.7,26.8,1.6
34.7,34.9,10.9,17.4,0
41.1,23.1,5.6,22.8,6.5
56.7,21,9.5,0,0
49.8,33.2,8.4,4.5,0
33.8,35.9,1.6,18.7,6.6
80.5,5.8,9.4,0,0
58.4,11.2,9.1,14.1,4
50.9,16.4,11.9,12.6,5
60.6,15.1,21.2,0,0
41,9.2,47.8,0,0
51,18.3,27.4,0,0
65.5,11.1,21.7,0,0
44.4,25.1,18.1,9.5,0
58.1,14.4,25.4,0,0
49,15.7,32.3,0,0
35.3,13.3,24.5,20.1,2.4
39.8,19.9,5.7,26.2,7.8
55.7,12.1,28.5,0,0
55,34.7,4.8,3.6,0
32.2,6.6,19.8,18.2,3.3
62.7,12.5,21.9,0,0
43.2,12.6,16.2,17.1,9
54.9,11,31.9,0,0
30.6,40.9,16.3,7.1,0
34.4,21.3,5.7,19.5,8.8
52.8,9.8,11.4,20.5,2.6
38.4,10.6,21.7,14.6,5.1
43.5,6.8,24.1,20.3,2.2
45.3,6.3,26.6,11.7,4.7
63.9,10,24.4,0,0
36.9,13.5,7.3,33.5,7.4
35,5.7,37.9,15.7,4.3
53,10.6,34.8,0,0
34.6,8.9,27.9,19.8,6.7
38.5,21.3,3,28.3,5.2
44,27.3,2.8,19,5.8
64,25.6,7.3,0,0
35.2,7.1,28.6,25.6,1.1
35.1,52.6,6.4,4.1,0
46.3,39.2,6.6,4.9,0
38.7,48.3,1.1,6,3.8
56.7,12.7,28.4,0,0
35.9,40.1,8.2,11.7,0
67.5,13.6,19,0,0
40.7,30.3,14.5,13.1,0
83.8,6.6,4.7,0,0
49.3,41.3,6.4,0,0
46.9,13.8,33.5,2.6,0
31.5,31.7,3.2,24.8,6.6
37.1,37,13.5,8.2,0
27,44.4,3.2,13.5,5.4
55.7,13.7,27.5,0,0
41.1,8.8,24.2,21,2.2
36.5,11.8,8.9,34.2,6.3
48.2,13.3,13.5,18.6,3.3
46.6,8.7,20.2,20.6,1.7
48.1,11.5,16.2,18.6,2.9
69.3,11.8,16.6,0,0
52.4,14.1,10.2,14.4,5.6
58.3,14.7,24.6,0,0
64.5,11.7,22.4,0,0
33.3,8.2,32.7,18.2,4.4
54,10.8,34.2,0,0
72,10.9,15.4,0,0
50.7,9.6,16.8,19.1,1.4
64.4,12.4,21.9,0,0
63.7,11.4,23,0,0
37.7,9.8,29.8,18.2,1.8
54.1,31.4,5.8,5,0
61.1,21.7,15.6,0,0
45.4,11.7,9.9,26.5,5.5
39.7,10.6,23,21.2,2.6
45.3,12.6,15.4,19.4,4.2
38.2,12.4,23,17.4,5.9
32.6,8.1,33.4,21,3.6
64.4,22.2,11.2,0,0
44,10.1,9.4,28.6,7
53.7,9.8,14.2,17.2,2.9
53.2,11.7,2.7,23.7,8
56.7,11,29.4,0,0
45.5,8.1,23.5,19.4,1.2
63.1,11.8,22.1,0,0
21.3,5.6,50.9,17.6,1.4
52.4,9.3,17.2,16.2,1.7
48.3,16.4,2.3,21.7,10
33.7,35.1,2.4,20.5,6.9
38.7,47.6,7.8,4.9,0
69.3,13.4,7,0,0
30.2,39.4,5.4,18.1,3.7
56.5,23.5,1.4,12.7,4.8
21,28.5,0.5,23.1,18
54.9,8.6,13,15,3.4
55.8,16.5,12.4,8.8,2.5
36.2,17.6,31.9,9.7,0
42.5,32,2.9,13.5,7.6
88,4.6,7.4,0,0
29.7,37.7,20.5,7.3,0
23.9,51.7,2.1,13.3,5.8
31.4,25.7,7.3,28.2,6.3
28.4,20.3,9.5,25.7,7.2
47.6,43.1,5.7,0,0
50.5,21.9,15.3,7,0
63.2,14.5,22.4,0,0
36.1,38.6,15.7,6.5,0
43.9,27.3,4.1,15.7,7
65.6,24.9,7.6,0,0
40.2,30,14.7,13.3,0
70.7,9.2,13,0,0
45.1,20.8,8.1,22.4,0
83.2,7.8,5.1,0,0
58.5,15.3,4,19.4,0
31.1,39.6,2.3,18.2,7.6
25,30.4,4.5,32.8,5.6
31.2,37.9,2.1,20.4,7.3
31.4,39.3,17.4,8.5,0
52,9.9,36.1,0,0
55.9,8.7,33.2,0,0
27.3,32.1,16.6,22.2,0
20.6,54.9,2.8,10.2,8
17.8,59.9,4.7,13.9,0
56.9,16.3,26.8,0,0
48.3,36.1,13,0,0
45.6,18,36.4,0,0
48.4,33,8.6,6.7,0
51.2,18.6,30.2,0,0
47.5,19.1,18.6,8.7,0
76.7,8.8,11.1,0,0
60.1,11.1,26.8,0,0
39.8,18.8,7.2,30.8,0
60.5,28.7,5.8,0,0
51.8,11.7,12.9,14.9,4.9
27.5,34.2,22,13.7,0
69.5,12.7,17.8,0,0
33.4,48.6,2.1,9.1,2.9
41.4,18,8.4,24.1,7.1
36.3,11.1,17.8,17,8.1
38,19.5,5.3,19.5,6
51.7,37.8,4.6,3.2,0
31.4,25.9,17.5,21,0
35.8,7.7,22.5,23.9,6.4
64.2,16.6,19.2,0,0
31.2,10.4,32.7,16.3,6.9
45,41.3,7.1,4.4,0
31.5,38,2.5,20.1,6.4
46.9,19,4.2,26,0
23.9,34.6,0.3,17.1,12.8
42.8,30.2,15.3,7,0
47.2,24.7,16.5,6,0
54.8,17,28.2,0,0
73.4,13.4,5.5,0,0
45.5,16.2,15.2,16.8,4.2
58.9,18,13,0,0
45,24.2,18.6,8,0
52,19.3,28.7,0,0
19.3,39.8,23.8,12.1,0
38.8,14,43,2.5,0
31.7,34.7,4,19,8.6
36.7,28.8,2.2,24.2,5.7
39,39.5,6,11.2,0
0,0,0,0,0
36.9,49.6,11.3,0,0
47.1,27.7,2.6,13.6,6.7
64.3,29.2,4,0,0
35.3,39.1,12.2,11,0
62.5,21.6,4.5,8.9,0
42.3,43,3.7,8.9,0
70.6,10.6,17.8,0,0
55.9,13.3,10.5,14.7,3.4
50.2,38.4,5.3,3,0
20.5,60.2,17.2,0,0
83.2,7.5,6.2,0,0
26.6,28.5,1.4,17.9,18
51,15.8,4.6,20.4,7.2
52.1,12.1,9.4,24.3,0
54.5,12.1,13.7,14.6,3.4
27.1,25.5,1.2,21.8,9.3
31.3,45.5,2.2,10.9,4.9
50.9,28.3,11.8,6.4,0
54.4,33.6,4.6,4.9,0
31,51.7,1.9,8.2,4.3
31.3,7.3,27.1,28.1,3.1
0,0,0,0,0
75.6,9.2,6.2,0,0
63.4,29.2,4.5,0,0
29.7,48.1,2.2,13.1,4.7
17.8,59.5,2,11.8,7.3
51,18.9,5.8,21,0
47.2,32.5,9.5,8.2,0
84.2,6.2,9.5,0,0
46.8,23,3.3,16.4,9.5
41.4,28.1,2.7,20.9,5.7
32.1,21.3,40.6,3.5,0
39,9.6,27.1,18.6,3.4
63.4,16.9,11,0,0
34.9,37.8,1.6,17.8,6.6
69.6,11.5,17.1,0,0
45.8,13,19.1,17,3.3
38.3,40.6,6.5,11.8,0
25.9,29.2,4.7,31.1,7
61.6,7.4,12.7,13.4,2.2
43.4,26,4.1,16.9,8.5
22.6,9.4,37.7,20.8,2.8
50.3,38.4,5.2,3.8,0
30,46,1,13.4,5.6
32.5,12.5,32.5,15,1.3
55.9,9.7,15.2,14.4,2.5
57.1,31.2,4.8,3.7,0
81.7,9.5,4.7,0,0
52.5,28.9,9.9,6.3,0
37.8,36.9,18,6.6,0
81.2,5.7,4.4,0,0
68.6,16.2,15.1,0,0
29.9,40.6,19.9,7.6,0
45.4,40.8,11.5,0,0
49.8,12,16,16.1,2.9
58.4,22,10.4,0,0
72.2,17.7,10.1,0,0
44.1,32.2,12.3,8.2,0
51.5,33,0.5,8.8,4
36.3,37.8,2.1,16.5,4.8
46,35.9,8.6,6.3,0
66.1,24.4,6.7,0,0
49.2,28.9,9.7,10.6,0
42.6,41.8,7.9,5.4,0
50.6,41.1,4.1,1.7,0
43.5,16,37,2.1,0
57.5,28.7,11.2,0,0
55.1,22,3,13.2,5.2
40.7,28.3,4.1,19.7,7.2
45.7,41.9,4.8,5.2,0
51.2,14.3,9.5,17.9,3.6
40.4,16.7,5.9,26.4,7.2
46.8,16.4,13.4,14.4,5
82.3,4.4,4.4,0,0
45.3,36.5,8.6,6.2,0
45.3,39.3,7.3,5.5,0
61.3,19.6,10.5,0,0
57.4,18.3,21.3,0,0
56.6,17.2,1.7,17.6,4.4
78.4,5.9,5.1,0,0
54.8,13.5,10.9,10.4,7.8
32.2,39.9,15.1,9.1,0
32.9,18.6,45.7,1.8,0
44.1,25.8,2.5,13.8,11.3
48.1,22.5,4.4,19,4.9
30.1,27,6.1,20.9,7.2
50,23.3,4,12,7.6
40.4,31.2,2.1,17.9,6.7
65.2,18.7,7.3,0,0
76,10.8,9.3,0,0
40.5,40.5,14.3,0,0
46,20.1,3.2,14.7,12.9
33.9,33.3,2,21.7,7.2
43.8,27.1,2.3,15.4,10.2
48.2,34.2,8.6,5.4,0
62.1,30.9,4.6,0,0
53.5,22.9,9.7,13,0
46.2,40.8,6.7,3.7,0
50.1,32.9,10.7,3.7,0
46.6,15.2,32.8,2.9,0
74.1,13.6,11.1,0,0
43.6,27.4,11.7,0,0
57.5,19.2,7.4,0,0
46.4,16.7,8.3,22.8,0
0,0,0,0,0
36.1,42.7,10.7,7.5,0
37.4,28.8,3.3,21.2,7.3
42.8,14.8,16.2,17.3,5.3
36.8,8.3,29.6,19.5,3
48.6,19.3,2.3,17,9.5
78.9,6.8,10.3,0,0
62.6,15.2,20.1,0,0
39.7,17.2,20.7,19,3.4
30.2,9.3,37.2,15.1,3.5
70.5,9.4,17.5,0,0
50.1,9.9,16.6,18.4,2.4
53.7,28.2,6.5,9.7,0
37.1,39.2,14.4,7.1,0
64.8,16.5,10.4,0,0
75.3,10.6,7.2,0,0
81.8,6.1,8.3,0,0
73.8,9.1,16.3,0,0
32.8,28.1,1.2,19.8,10.3
52.6,8.8,17.7,16.1,2.4
47,7.2,24.1,9.6,7.2
56.7,10.6,13.4,15.3,1.7
22.8,38.7,0.4,13.5,14.5
80.2,7.2,4.6,0,0
38.5,33.5,2.6,17.6,5.8
44.7,37.8,3.7,11.4,0
40.3,22.2,3.3,22.1,6.6
44.9,21,5.2,25.4,0
55.6,18,2.9,15.6,6.5
21.8,25.3,2.5,26.9,7.4
34.4,52.7,6.5,4.1,0
46.2,32.3,12.9,6.1,0
57.4,20.5,13,0,0
60.2,23.3,16.5,0,0
52.7,22,3.2,13.9,7
35.7,42.4,2.4,10.9,4.7
46.2,39.2,10.5,0,0
54.7,13.2,30.3,0,0
21.1,3.3,47.8,17.8,3.3
72.8,7.9,6,0,0
41.7,44.9,5.6,3.8,0
28.2,32.4,3.2,24.4,10.2
32.1,31.4,2.9,24.4,6.5
50,36,7.9,4.1,0
41.5,11.6,7.2,32.7,5.8
42.7,10.7,43.2,2.2,0
40.2,46.2,10.7,0,0
61.8,27,9,0,0
57.2,11,30.3,0,0
0,0,0,0,0
51.8,13.9,32.6,0,0
45.6,11.9,5.3,28.1,7.7
59.8,32.1,6.1,0,0
29.3,37,2.8,22.9,6.8
34.5,21.5,2.9,17.2,12.4
66.3,19.8,11.1,0,0
76.6,14.3,9.1,0,0
24.3,47.6,3.1,13.2,6.1
41.5,9.4,22.7,20.6,3
78.5,7.3,6.2,0,0
51.9,24.8,12.8,8.2,0
76.8,9.8,4.8,0,0
21,47.9,6.5,20.8,0
26.2,28.7,1.8,18.6,7.7
38.1,22,5,28.5,5.6
51.6,11.4,15,16,3.6
29.7,42.5,1,21,4
74.7,10,3.1,0,0
48.3,15.1,32.9,1.9,0
47,40.3,5.6,4.8,0
33,39.2,1,18.6,8.2
42.3,24.2,19.5,10,0
63.3,11.1,22.2,0,0
79.8,8.2,4.8,0,0
52.9,36.3,7.8,0,0
41.4,15.8,6,30,5.7
43.1,25.9,24.9,0,0
48.3,19.4,2.5,23.2,6
33.1,17.1,9.3,33.5,5.6
41.5,13.7,24.1,14.5,3.4
32.9,7.9,29,22.6,2.8
70.5,10.8,16.8,0,0
50.9,13.8,33,0,0
55.4,7.6,19.6,13,3.3
0,0,0,0,0
25.6,27.8,5.5,35.2,4.4
50.4,17.7,3.5,19.6,6.8
52.8,37.3,4.4,3,0
55.3,34.5,6.4,0,0
42,32.3,12.6,11.6,0
51.1,34.1,7.1,4.9,0
50.7,15.2,4.1,21,8.1
39.6,33.8,3.1,12.3,10.3
59.3,12.7,24.6,0,0
57.3,18.7,3.2,17.4,0
49.2,18.5,4,21,6.1
48.7,28.6,14.3,4.9,0
56,37.5,4.2,0,0
53.2,28.5,9.2,4.6,0
70.4,11.2,18.4,0,0
26.3,21.3,47.6,2.7,0
39.4,27.6,4.4,17.8,9.4
75,9.9,7.9,0,0
36.3,6.5,22.6,23.4,7.3
76.2,13.2,3.5,0,0
64.3,14.6,18.3,0,0
67.9,14.1,18,0,0
54.2,9.2,15.2,16,2
57.2,13.5,3.9,14.8,7.9
52.9,32.2,7.3,5.8,0
45.9,19,5.6,20.4,7.3
32.1,51.1,14.4,0,0
33.4,13.3,6.4,35.5,10.1
32.7,49.7,1.9,11,2.8
81.3,8.4,3.7,0,0
46.8,40.5,6,4.4,0
21.9,51.2,3.2,15,6.6
51.6,20.7,2.9,12.8,9.3
37,33,3.1,19.1,5.6
58.7,17.7,2.3,11.3,7.1
46.7,37.7,7.7,5.8,0
55.6,34.8,6.6,0,0
57.2,9.1,12.4,15.1,2.8
45.5,40,7.2,4.7,0
42.8,42.3,6.9,5.3,0
27.4,8.5,33,19.8,7
77.9,9.9,5.2,0,0
46.9,35.1,10.4,5.6,0
38.9,42.2,5.6,10.2,0
40.6,19.2,7.2,22.5,8.3
70.5,12.6,7.1,0,0
44.2,41.2,7.1,4.7,0
57.5,8.7,13.3,14.6,3.9
43.7,9.7,21.9,20.4,2.2
51.5,2.9,32.4,8.8,2.9
54.7,13.2,15.1,13.2,1.9
23.7,44.4,1.9,13.2,4.3
33.8,39.3,2.2,12.8,4.7
36,49.1,2.6,8,0
38.7,43.4,1.4,8.6,4.9
70.2,13.5,7.6,0,0
50.8,12,34.4,0,0
28.8,40.8,2.4,12.8,12.8
34,45.2,1.5,11.7,3.5
54.3,12.8,13.1,15.3,2.9
53.2,17.7,29.1,0,0
73.4,6.6,7.2,9.5,1.4
58.7,32.4,4,3.4,0
44.1,21.2,3.7,19.2,8.4
12.3,78.6,9.1,0,0
66.3,15.6,10.2,0,0
50,5.7,19.3,17.9,4.3
48.4,28.5,13.5,5.5,0
47,39.4,3.9,6.5,0
76.2,8.1,5.8,0,0
36,23.4,36.7,2.1,0
23.4,20.3,10.3,27.9,6.7
44.6,36,15.7,0,0
20.2,11.4,15.9,46.9,3.8
36.8,28.5,4.3,21.7,7.5
55.1,31.7,5.8,4.9,0
63,13.8,22.1,0,0
36.9,12.4,4.1,35.8,9.6
26.7,10.2,28.5,24.3,5.8
51.1,10.6,36.1,0,0
31.9,25.3,0,15.1,15.7
64.9,18.4,6.7,0,0
62.4,24.4,10.8,0,0
48,38.6,6,4.8,0
38.2,14.7,29.4,11.8,2.9
79.3,7.7,5.2,0,0
82,7.2,7.4,0,0
42.4,23.9,4.8,19,7.7
76.7,8.5,8.5,0,0
34.3,19.8,8.4,28.8,7.1
34.6,22.5,6.6,28.6,6.7
71.5,15.3,13.3,0,0
29.5,50.3,2.6,8.5,3.6
64.8,14.8,11.1,9.3,0
41.3,30.5,2.8,15.8,8.3
28.4,53.4,2.6,8.7,5.1
50.8,32.4,5.2,6.7,0
56.7,10,12.7,14.2,4.4
24.5,1,44.1,18.6,6.9
36.1,35.6,16.3,9.3,0
68.1,16.4,6.9,0,0
41.6,36.6,19.2,0,0
35.5,16.2,11,28.8,7.3
45,29.1,9.9,14.2,0
41,25.3,3.9,23.2,5.3
44,39.9,6.9,6.3,0
39.37096398,10.9546595,14.21774956,11.06982739,1.983903917
36.3,21.8,6.3,26.3,8.1
41.5,9.7,26.5,12.9,4.4
61,10.3,9.5,12.9,2.6
62.9,15.8,21.3,0,0
44.1,8.2,24.7,18.2,1.5
27.6,41.8,4.5,18.7,3.9
60.8,11.2,26.1,0,0
26.7,45.3,3.1,15.4,7.5
30.6,37.2,2.4,22.6,6.1
80.9,7.5,3,0,0
75.2,11.3,4.1,0,0
50,16.6,16.1,9.1,0
81.9,7.5,3.5,0,0
39.1,15.9,40.5,2.6,0
0,0,0,0,0
34.8,34.9,14.7,12.7,0
46.1,37.1,8.8,5.4,0
51.3,11.4,15.3,17.3,2.8
58,12.2,25.7,0,0
36.7,8.3,31.7,11.7,3.3
59.2,14.6,7,10.8,3.8
32.9,8.5,31,18.3,4.2
30.1,47.2,2.4,10.1,6
44,11.9,15.5,16.7,4.8
56.2,34.7,6.1,0,0
26.4,50.5,2.3,8.9,4.7
49.5,41,6.7,0,0
47.4,27,2.8,12.3,7.9
48.6,28.2,9.3,12.5,0
46.6,11.5,18.8,16.3,5.8
55.6,18,2.6,17,5.7
49.1,34.3,8.1,6.4,0
35.9,29.8,4.1,20,8.3
33.5,6.8,35.5,17.7,3.3
49.1,14.7,13.7,15.2,3.5
35.7,7.1,33.5,17.7,2.7
33.3,7.1,31.7,19.8,6.3
42.3,42.6,4.6,7.3,0
42.6,40.2,1.9,8,3.4
31.7,28,1,12.1,9.1
74.6,8.7,12.5,0,0
39.2,28.1,19,8.9,0
0,0,0,0,0
41.3,34.1,1.3,16.3,4.7
55.6,15,29.3,0,0
59.8,13.3,26,0,0
52.2,10,16.9,15.9,2.6
78.1,9.9,12,0,0
35,20.8,5.9,30,7.2
30.6,33.1,3.2,27,4.6
49.7,34.2,8.2,5.3,0
44.8,38.9,8.3,4.9,0
61.4,19.2,11.1,0,0
37.8,14.5,43.3,0,0
63.8,8,11.6,12.8,1.7
39.5,16.7,21.1,13.2,5.3
14,66.7,19.3,0,0
36.4,23.2,4.5,16.1,8.6
48.1,40,5.2,4.1,0
39.6,45.1,1.5,6.8,2.8
76,9.6,10,0,0
79.7,9.4,6.8,0,0
78.4,7.7,10.5,0,0
61.3,9.2,25.1,0,0
33.3,49,1.8,7.9,3.4
78,9.3,8.2,0,0
71.8,15.1,4.9,0,0
14.8,71.8,13.4,0,0
71.4,9.2,16.1,0,0
75.5,8.3,11.6,0,0
68.3,7.9,20.3,0,0
0,0,0,0,0
61.1,22.4,5.9,0,0
31.9,43.3,3.7,14.6,3.3
29.9,49.2,2.4,9.7,4.9
73.5,16.9,9.6,0,0
78.1,8.3,5.5,0,0
56.9,12.3,7.7,15.4,0
71.6,13.4,7.5,0,0
35.3,16.5,42.9,2.8,0
52.3,11.4,14.7,16,2.9
33.9,34.8,20.8,7.3,0
44.7,21.7,19.2,7.7,0
18.7,69,12.4,0,0
74.9,8.3,12.7,0,0
64.5,10.9,19.7,0,0
45.2,26.8,10.7,0,0
67.9,8.3,18.9,0,0
64.5,14.2,12.7,0,0
46.4,21.7,5.7,22.9,0
47.3,13.8,11.1,24.4,0
47.9,18,34.1,0,0
61.9,18.6,11,0,0
68.5,7.1,9,11.7,1.6
42.1,35,19.7,0,0
62.2,18.7,10,0,0
53.9,30.9,11.9,0,0
47.8,20.9,31.3,0,0
23.3,51.8,2.3,12.5,7.2
42.8,28.8,3,14.2,9.6
54.6,22.5,23,0,0
47.4,19.4,21.7,7,0
44.4,31,13.5,7.2,0
57.4,28.7,7.1,2.4,0
53.5,21.9,24.6,0,0
74.3,13.6,10.4,0,0
50.1,12.6,32,3.2,0
46,7.5,22.4,19.9,1.7
72.2,9.5,17.8,0,0
62.9,9.8,23.1,0,0
48.2,38.5,7,3.1,0
48.9,31.6,9.1,6.4,0
42.7,28.9,3,16.9,5.5
25.3,24.6,4.5,26.2,5.5
45.2,33.5,10.6,7,0
65.1,29.2,3.4,0,0
30.4,35.4,16.1,16.4,0
49.6,39,5.7,3.6,0
52.5,34.9,6,4.4,0
48.1,22.5,3.4,17.9,5.9
50.3,20.2,2.6,18.1,7.6
62.4,20.3,10.5,0,0
45.8,21.7,4.1,18.7,8.2
27.5,44.8,2.6,13.7,5.6
39,35.4,2.7,13.8,6.1
32.3,30.5,5.4,24,5.3
53.6,10.7,12.8,18.4,2.4
41.6,19.3,7,28.8,0
53.8,18.8,2.6,17.6,5.6
31.5,37.9,2.1,20.4,6.7
53.6,17.4,29,0,0
33.4,14.8,45.2,3,0
48.8,20.4,3.1,16.8,9.3
34.5,37.4,2.4,18.3,6.4
38.2,31.9,2.3,16.3,9.1
46.8,21.1,3.9,19.3,6.7
23.8,64.2,12,0,0
52.4,26.2,12.8,0,0
72.5,10.1,16.2,0,0
31.4,48.4,2.2,8.4,4.6
40.2,13.6,20.7,17.9,4
53.2,36.3,4.1,3,0
57,27,7.9,6.9,0
51.1,9.1,37.7,0,0
40.3,8.9,21.4,26.2,1.5
35.9,8.6,28.9,16.4,2.3
41.9,24.4,3,19.5,7.9
81.2,8.6,6.1,0,0
45.9,45.3,6.7,0,0
25.1,59.7,12.5,0,0
44.2,12,1.3,29.6,5.2
36.1,7.5,27.9,21.8,3.4
20.2,8.7,42.6,21.1,3.1
34.4,26.3,5,23,9.4
27.2,27.8,1.2,17.3,14.6
39.9,42.6,9.6,5.1,0
56.6,35.8,4.9,0,0
31.1,34.7,13.9,19.3,0
42.4,40.1,8.4,5.9,0
39.3,16.1,40.5,2.4,0
29.9,28.5,7.5,26.4,5.9
32.1,51.4,2,7.5,4
35.4,8.7,23,24.2,5.6
65.5,10.8,21.7,0,0
38.4,19.7,5.9,24.8,9.7
27.3,6.2,39.3,23.9,1.5
75.2,5.6,6.9,0,0
75,12.4,5.1,0,0
64.9,9.4,23.2,0,0
67.8,14.7,10.8,0,0
72.8,15.4,11.7,0,0
24.3,56,1.6,11.4,4.5
38.7,27.5,18.6,8.8,0
53.8,9.8,14.7,14.9,3
28.5,18.5,23.1,21.5,3.1
41.5,38.8,5.6,9.6,0
43,9,21.7,20.4,2.5
39.4,9.1,26.1,20,2.4
34.5,9.5,31,20.2,1.2
84.7,5.5,5.6,0,0
82.5,7.7,4.6,0,0
74.1,8.5,5.7,0,0
33.8,40.8,11,14,0
50.9,32.8,6.5,4.4,0
43.6,12.2,42.3,0,0
10.9,33.2,1,32,14.9
60.3,25.6,7.9,0,0
81.9,6.8,6.1,0,0
79.3,8.1,9.1,0,0
82.7,7.2,7.1,0,0
55.2,35.9,3.5,2.6,0
48,29.3,2.2,10.7,7.9
20.6,54.7,3.3,14.3,4.9
67.1,11,21.5,0,0
52,16.5,3.5,21,5.8
75.2,10.8,10,0,0
53.7,29.2,14.3,0,0
65.6,16,8.1,0,0
76.8,8.5,9.9,0,0
65.6,10.8,21.6,0,0
56.4,10.5,12.6,16,2.8
68.3,19.2,9.6,0,0
75.5,6,18.5,0,0
64,22.3,10.9,0,0
28.1,48.4,2.1,12.6,3.7
39.4,7.9,23.6,24.2,1.8
67.5,8.3,18,0,0
24,9.3,39.5,20.9,2.2
44.8,10.2,22,18,3.3
25.8,12.7,39.4,16.5,2.1
52.4,11.1,35.3,0,0
53.6,11.4,33.5,0,0
47.5,14.4,17.1,16.2,2
47,14.2,4.1,26.8,7
35.6,5.7,27.6,26.9,2
53.9,13.3,12.2,14.6,3.4
61.3,11,26.5,0,0
63.3,12.1,23.2,0,0
49.9,13.1,16.9,15.7,2.8
42.7,24.5,4.2,19.4,7.8
32.7,24.6,5.3,22.9,8.7
56.8,33.3,7.1,0,0
35.3,39.6,9.3,14.7,0
57,12.4,12.8,11.4,3
67.6,18.3,14.1,0,0
74.9,12.1,8.6,0,0
37.5,19.6,8,27.1,6.9
56.3,18.8,23,0,0
46.6,15,14.4,15.9,4.9
42.5,8.9,24.3,15.8,5.5
38.3,9.9,23.5,20.2,4.4
27.1,10.5,29.1,24.4,4.3
65.5,22.5,3,6.5,0
46.6,34.2,6.2,10.7,0
41.5,38.9,10.7,7.1,0
44.6,26.9,2.7,13.4,10.9
40.9,37,12.6,7.3,0
48.8,19.7,20.7,7.2,0
49.1,38.6,5.9,3.6,0
39.3,40.5,15.6,0,0
47.7,39.9,5.6,4.8,0
48.9,38.4,3.6,4.6,0
46.5,34.9,5.7,10.2,0
47.7,32.7,5,11.2,0
47.9,15.5,7.6,27.1,0
26.1,11.3,31,22,5.5
50.8,40.6,6.8,0,0
32.2,33.8,21.5,7.6,0
46.4,38.4,3.4,9.3,0
36.3,32.4,18.5,10.2,0
35.7,35.5,17.5,9.1,0
57.9,12.5,6.6,19.5,0
52,33.2,2.8,9.4,0
55.3,22.3,18.1,0,0
53.4,29.3,4.4,10.2,0
42.6,35.2,7.9,11.6,0
63,15.7,18.8,0,0
36,17.2,8.2,30.9,6.6
57.5,10.3,30.3,0,0
42.6,16.3,10.1,9.3,7
76.7,11,7.8,0,0
73.3,9.4,17.3,0,0
49.2,34.1,7.1,5.5,0
56.8,26.5,10.6,0,0
34,38.4,18.3,6.3,0
37.6,10.5,48.1,2.1,0
66.4,29,3.5,0,0
33.2,14.7,29.3,13.6,4.9
22.8,48,1.6,20.5,3.9
34.8,39.2,3.1,16.1,6.8
43.6,34.4,2.2,10.1,9.7
30.4,42.8,3.5,11.1,12.3
29.9,38.9,4.2,13.5,13.6
28.6,40.1,1.9,17.1,12.4
29.4,35.6,3.7,19.3,12
28.3,43,2.8,13.5,12.4
32.6,36.4,5.2,15.5,10.3
36.4,33.1,8.1,19.5,2.9
36.5,31.3,7.2,20,4.9
35.6,40.7,2.8,12.3,8.7
27,28.4,11.4,25.6,7.6
32.9,30.3,6,22.6,8.1
36.9,29.6,5.2,20,8.2
38.3,34.7,5.3,10.9,10.9
30.1,31.9,5.2,23.4,9.3
34.1,36.2,4.2,18.4,7
28.4,34.7,5.8,20.1,11
28.7,41.8,3.8,16.6,9.1
33.1,30,6.1,18.3,12.4
37.1,38.4,3.3,9.9,11.3
27.2,48.4,2.8,11.8,9.8
37.4,38,2.7,11.7,10.2
36.6,38.4,2.7,10.1,12.3
35.6,26.9,5.2,14.3,18
26,26.9,14.4,20.2,12.5
30.3,35.1,3.5,20.8,10.4
36.3,27.8,5.9,19.8,10.3
37.6,21.7,6.4,23.9,10.4
24.9,45.1,4.2,15.9,9.9
27.9,41.6,5,17.6,7.8
31.2,38.8,2,12.6,15.4
38.6,36.9,1.1,11,12.3
43.9,38.3,1.9,7.5,8.5
30.2,39.6,1.8,12.2,16.2
82.1,7.8,10.1,0,0
31.3,19,8.5,32.2,7.8
44.4,41,7.2,5.1,0
41.5,21.2,3.8,22.1,8.9
29.5,44.6,3,14.8,6.7
36.3,41,2.1,8.8,5.1
33.6,35.8,18.3,8.1,0
75.4,8.6,14.2,0,0
43.8,13.2,17.9,18.3,4.1
28.4,41.4,1.5,16.2,8.4
54.5,34.3,8.4,0,0
55,20.9,24.1,0,0
80.6,10.4,4.6,0,0
55.9,22.3,3.7,9.7,5.8
49.6,23,3.3,15.7,6.8
75.6,9.7,5.7,0,0
29.7,16.6,17.9,23.4,8.3
25,9.2,47.4,13.2,1.3
52,36.8,5.3,3.9,0
46,41.2,6.3,4,0
39.2,30.8,2.4,17,7.7
47.9,39.3,7.2,3.7,0
43.8,44.6,5.4,3.4,0
57.2,7.8,16.1,14.8,1.5
31.6,51.3,2.2,9.8,2.9
51.5,10.5,35,0,0
42.9,21.1,2.1,15.2,18.7
15.3,24.1,2.6,32.1,8.5
56.2,9.1,14.1,15.8,1.8
35.5,9.8,28,21.9,2.4
23.6,4.3,47.7,18.6,2.3
34.37602282,15.5328003,14.92963015,11.65193809,2.464113714
24.7,10.6,51.8,7.1,2.4
65.6,10.2,22.4,0,0
45.4,10.7,16.5,21.4,3.4
32.1,7.7,31.9,25.1,1.1
57.7,11.3,29.7,0,0
72.5,8.9,18.5,0,0
39.5,14.5,6.8,31.2,7.1
68.3,27.1,3.3,0,0
51.2,33.2,8.2,4.4,0
38.0952381,11.76252319,16.49969079,11.0698825,2.83240569
69,14.2,16.9,0,0
65.3,18.9,14.2,0,0
38.5,26.8,5.1,19.9,7.6
66.8,21.6,11.6,0,0
73,12.1,4.9,0,0
0,0,0,0,0
35.4,10,50.5,2.4,0
29.8,43.6,26.7,0,0
36.9,28.8,4.5,19.6,8.7
59.1,16,1.4,13.9,7.5
54,13.4,7.2,23.4,0
45.9,22.9,3.8,18.2,7.8
33.7,22.1,4.8,20,7.3
37.5,8.8,26.7,20.7,2
38.9,14.8,22.2,18.5,1.9
61.1,20.8,11.1,4.8,0
44.3,40.5,8,4.9,0
45.4,20.6,2,22.6,8.4
60.6,24.8,12.5,0,0
71.1,11.6,15,0,0
81.6,6.9,11.6,0,0
49.3,16.2,3.9,22.7,6.5
82.7,7.3,6.3,0,0
50.7,10.7,14.2,18.9,2.8
25.6,38.8,3.7,16.3,5.1
47.7,4.5,22.7,19.3,1.1
49.7,28.7,3.5,15,0
45.5,32.9,9.7,8.4,0
45.8,7.2,24.4,18,1.7
58.6,9.6,12.3,14.5,3.3
43.2,8.2,22.1,19,3.6
75.8,10,7.3,0,0
25.3,48.6,2.3,10.7,9.3
66.1,20.3,10.6,0,0
53.5,23.5,3.5,10.6,7.8
55.2,14.8,26.7,0,0
51.8,24.4,5.1,12.2,4.1
51,20,3.8,13.6,9.5
63.6,25.9,5.4,3.3,0
52.8,15,4.2,14.6,11.4
35.6,31.2,1.2,12.5,8.4
47.4,39.1,6.3,4.7,0
48.1,35.2,4.9,8.6,0
62.6,18.4,9.5,0,0
26.2,41.6,4.5,20.4,4.7
42.1,47.7,4.2,4.3,0
42.6,28.4,3.3,17.9,6.5
59.4,10.1,10.6,14.8,3
53.5,24.5,2.7,15.9,0
51.7,19.2,2.7,13.3,11.6
36.9,19.5,1.6,13.7,16.6
39.5,30.3,13.4,14.7,0
22.9,45.7,4,17.1,6.1
46.4,42,7,0,0
79.5,8,4.9,0,0
31.2,44.6,15.2,6.7,0
57.9,16.4,3.6,15.1,6
84.4,7.3,4.8,0,0
51.5,17.4,4.2,14.1,10.9
0,0,0,0,0
54.9,14.9,9.1,14,4
42.5,31.1,6.8,13.2,0
50.2,30.8,5.5,10.8,0
55.9,21.4,2.6,11.9,6.1
41.9,35.9,0.9,11.1,6
25.8,48.4,2,13.3,6.5
23.1,45.2,9.8,19,0
75.2,9,6.2,0,0
59.9,9.8,11.9,14.4,2
51,37.7,4.6,3.4,0
29.5,39.4,2.2,15.2,11.4
61.7,17.5,11.4,0,0
28.2,13.4,36.1,16.8,2.1
40,23.5,4.8,19.7,10.1
74.6,12.7,5.9,0,0
68.1,13,18,0,0
61,15.6,20.5,0,0
30.7,44.8,3.1,12.1,7.6
65.4,15.9,8.8,0,0
75,10.4,10.8,0,0
47.8,22.8,4,16.3,7.7
70.3,15.3,14.3,0,0
28.5,41.3,2.9,19.2,6.8
40.6,9.4,22.9,21.9,5.2
49.9,24,26.1,0,0
61.2,21.2,14.6,0,0
48.9,38.9,5.6,4.3,0
44.6,40.9,11.7,0,0
52.7,37.9,5.8,0,0
43,32,2.7,14.7,6.3
46.3,10.5,20.4,16.3,2.7
52.3,34.7,6.3,4.3,0
31.3,44.2,2.7,12.3,6.4
70.4,9.3,19.3,0,0
40.1,36,8.8,12.1,0
52.9,31.8,15.3,0,0
52.2,13.8,32.5,0,0
25.1,43.3,4,17.2,6.7
37.7,27.2,35,0,0
15.2,70.8,14.1,0,0
71.7,6.6,6.6,0,0
41.7,23.7,3.3,20,9.5
41,7.7,26,19.7,2.9
41.4,7.1,28.3,17.2,5.1
70.7,18.8,4,0,0
65.6,12.5,20.3,0,0
46,20,5.7,20.6,6.7
53.1,11,13.1,16.2,2.8
28.2,11.8,18.2,23.6,9.1
33.5,37.1,18.1,8,0
25.3,30.4,8.5,29.3,3.1
78.6,8.2,3.8,0,0
49.9,36.8,11,0,0
54.2,22.8,1.1,12,8.3
40.3,33,9.7,15.8,0
34.8,44.8,10.5,7.6,0
77.8,8,8.3,0,0
39.6,40.8,1.9,9.2,3.4
77.8,12.7,9.5,0,0
43.4,23.4,4.1,18.7,8.7
49,30.4,2.5,9.8,6.8
38.5,10.1,22.9,17.4,8.3
60.2,10,28.3,0,0
52.6,9.4,34.1,2.3,0
57.3,7.5,16.1,14.1,1
78.4,9.2,5.6,0,0
80.9,8.3,6.6,0,0
27.1,31.6,4.8,29.5,5.6
36.3,7.1,31.9,13.3,9.7
55.8,30.5,7.1,4.5,0
81.6,7.3,7,0,0
56.9,21.6,2.7,10.4,7.2
67.4,19.3,13.3,0,0
37.5,25,4.4,20.4,10.6
41.2,15.6,38.3,2.8,0
42.4,30.2,14.3,7.4,0
55.1,24.7,3.2,11.5,4.6
28.6,49,6.9,12.5,0
35.9,47.5,2.1,8.1,3.4
79,8.5,6.6,0,0
59.5,8.5,11.7,15.4,2.5
44.2,35.4,7.8,8.5,0
19.8,73.9,6.3,0,0
64.8,13.2,22,0,0
70.4,17.4,12.2,0,0
23.1,10.3,31.5,23.6,7.1
50.5,18.8,3.6,17.1,6.6
35.2,33.7,2.6,19.6,5.5
58.4,12.8,25.6,0,0
52.3,26.9,2.1,16.9,0
45.6,23.9,4.6,17.6,7
27.6,28.9,1,19.2,12.4
43.5,39.4,9.5,5.4,0
59.3,24.7,13.8,0,0
38.5,39.3,7.9,13.4,0
44.4,41.9,3.6,6.5,0
43.3,42.2,6.3,4.8,0
39.7,38.7,11.7,7.8,0
75.4,5.7,18.9,0,0
74.3,14,3.3,0,0
27.7,16.6,51.8,2.1,0
69,19.4,11.7,0,0
52.5,29.6,15.3,0,0
38.9,24.5,3.2,20.8,5.2
68.1,17,14.8,0,0
54,22,2.3,13.9,6.1
28.7,51.6,1.9,8.6,4.9
76.1,9.3,6.4,0,0
48.7,20.4,2.8,15.9,10.9
43.9,9.2,20.2,20.4,2.8
26.2,44.4,1.5,16.5,6.3
9.1,75.5,15.4,0,0
30.1,46,1.9,13.6,6
50.5,12.2,12.9,17.5,3.9
31.2,35.9,2.9,21.3,5.2
70.5,15.9,5.9,0,0
38.8,32.1,13.3,12.7,0
73.3,9.4,5.6,0,0
67.5,16.8,7.1,0,0
37.5,30,3.4,21.1,5.1
28.3,36.8,0.2,11.8,10.5
35.1,27.5,22.3,9.9,0
55,25.1,1.5,10,7.7
34.3,20.2,38,4,0
29.9,50.7,2,10.3,4.7
50.3,34.4,5.6,5.9,0
54.7,35,8.2,0,0
56,26.9,14.8,0,0
74.5,9.3,12.6,0,0
28,10.2,32.7,19.3,6.3
44.6,33.1,11.4,7,0
47.1,37.1,4.3,9.1,0
69.9,24.1,3.7,0,0
57,13,27.8,0,0
43.3,41.6,3.7,8.8,0
48.3,36.1,7.5,4.2,0
34.7,13,15.5,19.4,12.5
47.6,36.7,12.4,0,0
36.1,11.5,36.1,11.5,0
28,47,2.9,14.5,3.7
63.6,28.5,5.9,0,0
52.1,32.2,13.4,0,0
48.4,16.5,29.5,2.9,0
39.7,12,8.9,32.4,5.8
71.4,8,18.8,0,0
53.3,15.5,6.2,21.1,0
42.4,33.5,12.4,8.4,0
52,39.2,6,0,0
30.1,38.7,2.3,22,6
84,6.5,7.3,0,0
34.6,3.7,35.6,17.8,3.7
29.3,40.4,18,10.3,0
53.8,8.8,17,15.6,1.7
43.1,34.1,4.9,15.2,0
37.8,11.2,25.5,10.2,4.1
55.3,11,17.9,9.3,1.6
55.1,20.4,2.4,10.8,9
42.2,21.1,4.1,21.6,9.7
28.8,45.5,3,14,5
76.8,8.1,9.2,0,0
27.8,56.3,1.6,9,3.2
60.7,14.1,23.7,0,0
38.7,7.1,29.7,16.5,3.8
74.6,16.2,9.2,0,0
45.3,8.5,20.3,21.2,1.8
57.8,30.2,6.8,3.7,0
51.5,9.2,18.4,16.4,1.8
51.8,19.9,6.8,18.7,0
41.6,30.9,2.8,18.1,5.5
75.3,13.8,10.9,0,0
34.1,48.5,15.1,0,0
35.5,29.3,0.5,14.5,7.6
26.5,51.4,1.8,11.5,5.5
41.4,7.1,27.1,21.4,1.4
43.4,30.6,2.7,14.5,6.9
56.1,10,12.8,13.6,4.4
59.7,9.1,11.1,13.3,3.6
54.6,13.8,28.6,0,0
47.1,28.8,2.1,15.2,5.5
25.8,29.4,1.2,20.6,9.8
33.3,32.3,22.7,7.6,0
63.4,28,5.5,0,0
27.1,33.6,17.9,19.3,0
56.1,13.5,9.5,12.3,4.4
46,40.4,7,4.5,0
50.2,30.7,11,6.1,0
53.5,30.4,8.6,5.1,0
81.9,6.3,11.8,0,0
48.8,14.9,36.3,0,0
37.9,14.9,42.8,2.6,0
55.3,24.8,16.8,0,0
63.5,11.3,23.9,0,0
47.1,24.5,2.9,16.4,7.3
39.5,25.7,5.1,22.8,5.6
27.3,10.7,38.8,15.7,4.1
55.5,35.2,7.1,0,0
47.6,11,25.6,9.8,0
67.4,9.3,22.2,0,0
16.2,64.4,19.4,0,0
67.9,16.4,15.7,0,0
49.7,35.1,11.4,0,0
53.7,21.8,1.1,15.3,6.4
27.5,30.7,4.5,30.1,5.3
52.4,11.1,33,0,0
45.2,32.5,2.9,16,0
44.2,21.1,3.4,21.8,8
21.3,35.1,0.8,14.4,12.6
37,37.8,7,12.6,0
42.1,37.5,11.1,6.6,0
62.2,30.4,4.1,0,0
33.4,34.8,9.3,19.1,0
49.4,35.9,4.3,7.5,0
60.4,22.2,12.9,0,0
50.8,40.6,3.1,3.4,0
55.2,25.2,13.1,4.6,0
39.7,48.2,5.4,4.5,0
63.6,15.9,10.2,0,0
46.3,19.3,34.5,0,0
39.7,15.7,39.5,2.8,0
24.2,38.4,4.1,26.1,5.8
58.7,18.3,23.1,0,0
61.1,20.3,17.3,0,0
36.4,24.9,5.5,23.2,7.9
23.2,52.4,2.9,14,4.8
24.7,62.3,13,0,0
43.4,24.5,4.8,20.1,6.2
40.5,15.9,19,13.5,8.7
23.5,62.6,11.8,0,0
27.2,43.3,1.7,20.4,5.8
44.1,20.9,4.7,24.6,5.1
27.5,23.1,34.1,11.1,0
31.8,37.2,14.6,12.7,0
72.1,11.7,13.5,0,0
25.8,6.9,39.8,23,2.8
62.2,11.9,23.9,0,0
25.4,9.9,26,28.2,7.7
69.5,11.4,17.8,0,0
49.3,9.4,18.5,18.5,2.1
22.1,61,15,0,0
42.9,47.1,7.4,0,0
45.1,45.1,7,0,0
28.6,6.7,34.8,25.5,1.5
45.7,26.1,3.7,15,7.5
27.2,40.8,1.7,13.6,8.6
49.7,31,10.1,4.6,0
59.3,28.5,9.9,0,0
48.1,26.1,13.8,10,0
40.5,18.3,27.7,8.4,0
54.2,34.5,5.3,3.2,0
51.8,39,3.6,2.9,0
42.5,42.2,6.4,6.2,0
56.5,19.5,11.9,0,0
55.2,20,24.8,0,0
30.4,16.8,49.2,1.8,0
68.4,19.9,10.2,0,0
52.8,24.2,2.3,11.9,7.2
20.2,67.5,12.3,0,0
77.3,10.9,4.5,0,0
32.2,20.5,8.1,28.9,8.6
41.2,28.3,3.3,16.2,8.9
44.2,11.1,24.4,12.1,3.6
34.9,28.2,1.5,28.4,2.6
16.1,67.1,16.8,0,0
51.8,23,3.8,12.5,6.5
27.3,27.2,1.8,18,7.5
30.6,49.4,7.7,11.9,0
39.5,45.9,4,7.2,0
58.8,10.6,10.1,14.3,3.7
37.8,51.3,4.9,3.8,0
50.1,37.2,5.4,4.2,0
70.7,16.3,5,0,0
84.9,6,3.6,0,0
0,0,0,0,0
27.3,5.2,36.8,26.8,1.3
52.1,6.6,22.6,12.5,3.1
39.1,53.9,4.9,0,0
49.7,8.6,21.5,14.1,1.8
34.1,11.4,27.3,22.7,0
29.1,7.6,31.5,26.8,1.9
45,37.4,3.5,10.5,0
46,12.5,19,16.9,2.6
57.9,8.9,12.9,15.1,2.6
53.5,14.5,13.8,13.8,3.5
40,43.1,3.5,8.2,0
41.8,35.4,6.9,12.8,0
68.3,11.7,19.1,0,0
42.7,10.2,45.1,0,0
71.1,11.6,15.2,0,0
45.6,9.8,21.5,18.8,2.3
44.6,8.6,25.2,12.9,5.4
49.6,11.3,18.9,15.2,3.4
43.6,5.3,14.9,25.5,7.4
45.9,11.9,22.5,13.8,4.1
73,9.1,16.7,0,0
26.7,8.9,40.4,17.8,4.1
35.4,9,26.4,23.3,2.4
65.6,8.4,24.4,0,0
56.2,11.4,32.4,0,0
61.7,10,27,0,0
48.8,11.9,18.2,15,3.4
40.4,8.3,24.1,22.8,2.1
26.6,14.7,30.6,21,4.4
49.6,12.8,20,12,2.8
49.1,10.7,15.4,18.6,4.4
40.3,8.4,23.9,19,2.2
62.1,20.2,16.4,0,0
48.8,13.2,8.3,21.6,7.2
46.5,9.6,42.3,0,0
31.2,5.2,35.4,25.5,0.9
25,7.4,47.1,13.2,7.4
44.3,6.9,46.2,0,0
55.9,10.4,13.2,15.6,2.7
39.8,8,26.8,22.1,1.2
59,11,28.2,0,0
76.9,10.3,5.6,0,0
44.3,26.1,18.2,6.8,0
15.4,8.8,47.3,23.1,5.5
56.9,9.1,13.7,15.2,2.2
28.9,47.7,2.3,12.1,3.2
75.5,13.5,7,0,0
51.6,10,22.6,11.1,1.6
74.8,6.9,5.3,0,0
50.1,20.5,2.7,14.2,10.8
72.9,18.6,8.6,0,0
31.8,47.2,2.7,8.5,6.1
21.3,14.6,29.2,24.7,6.7
39.5,26.9,3.9,22.5,6
31.6,34.1,2.3,22.3,7.6
45.3,25.2,3.9,17.5,7
51,28.6,10.2,6.2,0
57.2,32.9,7.4,0,0
51.1,25.4,2.3,12.1,7.5
35.6,34.8,19.5,6.7,0
46.6,18,4.4,21,8.9
39.4,6.1,22,17.4,9.1
44.3,46,6.9,0,0
47.3,25.4,10.5,14,0
61.4,9.1,9.7,14.3,2.5
71,12.5,9.8,0,0
76,8.2,6.9,0,0
26.6,44.5,3.2,16.9,5.9
65,17,15.1,0,0
30.7,38.9,3.3,14,7.2
43.9,12.2,19.8,19.6,3.1
54.4,21.6,2.3,12.1,8.3
55.2,26.8,1.6,9.5,5.4
48.6,22,3.2,18.5,6.3
46.6,37.4,8.2,5.1,0
47.6,25.9,2.6,12.9,9
54.6,33.7,4.5,3.3,0
46.4,25.7,17.9,8.2,0
35.9,36.2,1.8,19.9,2.4
32.7,15.3,45.9,2.7,0
45.2,7.3,24.2,19.2,1.8
43.3,21,2.8,19,5.5
21.7,9.6,22.3,40.8,4.3
45.4,36.9,9.6,6.2,0
27.4,25.3,7.9,31.4,6.6
25.7,35.5,5.7,21.9,4.1
28.4,11.5,23.8,27,3.7
35.9,9.4,25.4,16.3,5.5
57.8,14.6,25.3,0,0
23.7,8.7,37.9,24.1,3.5
58.4,9.9,13,14.8,1.8
39.3,10.7,29.9,13.6,2.3
41,44.1,7.3,5.4,0
38.8,29.1,4.6,18.4,7.5
28.5,51.1,1.9,12,3.7
45.4,8.7,44.1,0,0
56.5,13.3,8.5,11.4,6.9
64.2,12.9,20,0,0
39.2,6.4,28.3,22.8,0.7
32,17.5,10.8,31,7.3
58.8,14.6,22.9,0,0
61.2,11.7,24.1,0,0
51.5,14.2,32.5,0,0
50,10,15.6,15.6,4.4
36.1,11.1,22.2,21.5,3.8
34.5,7.1,27.4,22.1,2.7
32.7,38.5,0.7,13.6,5.9
42.9,38.6,3.6,10.4,0
18.6,30.3,0.3,20.7,14.7
35.2,40.5,15.4,6.5,0
38.8,46.9,11.5,0,0
26.2,24,2.9,19.9,14.5
33.8,11,28.2,22,3.6
56.1,18,2.7,11.9,9
45.9,37.4,9.2,4.8,0
63.7,8,13.5,12.6,0.1
75,10.3,7.8,0,0
31.4,49.7,1.7,10.3,4.4
56.7,14.1,2.9,17.3,7.9
58.9,9.7,12.2,14.5,2.2
73.8,11,13.7,0,0
38.2,11.2,20.2,19.1,7.9
40.6,38.5,8.3,9.4,0
30.5,16.4,48.5,2.8,0
31,48.2,2.5,11.5,4.1
43.2,45,9.2,0,0
72.3,9.8,10.1,0,0
54.4,8.8,35.5,0,0
58.5,12.1,27.8,0,0
31.7,27,0.9,21.1,7.8
28.1,18.8,23.4,20.3,4.7
26.5,48.2,15.6,7.4,0
30,28.1,20.5,19.5,0
44.2,28.9,1.7,15.6,6.8
30.5,36.1,2.5,22.8,6.5
55.1,15.7,27.7,0,0
26.9,5.7,38.6,19.8,2.4
34,37.6,2.8,17.9,6.3
74.9,10.5,13,0,0
49,12.8,14.5,17.4,3.2
72.6,11,14.2,0,0
22.2,6.9,37.5,20.8,1.4
55.2,24.3,2.7,9.5,6.4
30.1,30.7,1.3,14.7,6.7
47.1,36.6,7.6,6.1,0
38.8,21.7,26.4,5.4,5.4
46.5,9.7,18.4,20.8,2.3
23,33.8,1.1,22.1,10.3
46.2,44.5,4.3,3,0
37.5,17,41.3,2.4,0
65.3,17.4,17.2,0,0
66.5,20,11.2,0,0
87.8,5.6,1.7,0,0
53.7,15.3,4.2,18.5,7.4
44.3,41,8.2,3.6,0
82.6,7.6,5.9,0,0
54.5,32.4,6.1,3.7,0
61,22.3,16.7,0,0
40.7,39.9,9.8,5.7,0
63.6,18.3,18.1,0,0
52.6,9.9,16.6,14.9,3
52.6,15,32.4,0,0
47.6,29.5,9.1,0,0
54.8,30.5,7.5,5.5,0
37.6,32.4,1.9,20.5,5.6
71.2,10.2,7.7,0,0
25.7,43.9,1.5,14.3,7.7
72.3,7.9,15.4,0,0
59.9,21,10.3,0,0
58.9,24,14.6,0,0
31.7,24.2,6.9,21.3,10.4
33.2,14.2,9.8,35.4,6.2
29.8,46.3,2.9,12.3,5
82.8,8.2,5.1,0,0
49.5,28.8,5.9,0,0
39.5,37.2,0,12.8,4.7
0,0,0,0,0
68.7,21.7,9.6,0,0
